STOREBANNER,STOREID,ITEM_ID,ITEMGROUPID,ORIGINAL_PRICE,CURRENT_PRICE,QTY_MARKDOWN,QTY_ON_HAND
1005,1004,964214,4067929,10,10,2,2
1005,3121,51719,406792910,15,15,3,3
1005,1004,68482,406792910,8,8,4,4
1005,2426,79883,406792910,6,6,5,5
1005,3263,83987,406792902,32,20,2,10
1005,3330,83988,406792902,5.5,4,3,12
1005,3263,88518,406792906,30,20,3,3
1005,3330,96354,406792902,4.6,4,4,45
1005,3263,97622,406792910,8.5,8.5,5,55
1005,3330,104097,406792902,6,5,6,6
1005,3263,333359,4556978,4.6,4,1,6
1005,3330,104265,406792902,4.6,4,3,3
1005,3330,781712,4556978,7,5,4,2
1005,3121,607875,4556988,4.5,4.5,5,1
1005,3330,682573,4760949,5.5,5,5,7
2010,9432,6002681,4556976,6.5,5,6,7
1005,3330,186854,4556988,6.6,5,6,9
1005,3330,6000252,4760949,3.5,3.5,2,9
1005,3121,705467,4556988,9,7,2,3
1005,3121,6007213,4556849,4,4,1,2
1005,2426,883003,4556988,4.5,4.5,2,1
1005,3121,308398,4556849,3,3,2,23
1005,2426,333359,4556978,4.6,2,3,44
1005,2426,97237,4760949,2.6,2.6,4,56
2010,9191,6003489,4556978,8,8,4,75
1005,2426,387600,4556978,3,3,4,45
1005,2426,101022,4556849,4.5,4.5,4,66
1005,2426,101011,4556849,4.5,4.5,4,2
1005,2426,610402,4556978,3,3,4,34
1005,2426,610477,4556978,3,3,5,56
1005,2426,610474,4556978,3,3,5,32
1005,2426,387599,4556978,3,3,6,43
1005,3390,446438,4556978,5,3,7,34
1005,2426,808593,4556988,13.5,12,7,44
1005,3390,101022,4556849,4.5,4.5,7,56
1005,3121,6030978,4760949,4.5,4.5,4,54
1005,2426,53874,4556988,12,11,3,43
1005,3390,66921,4556978,8.5,8.5,2,56
1005,3390,251472,4556988,9.5,7,35,10
1005,2426,698110,4556988,7.5,5,6,12
1005,3121,187387,4556849,4.5,3,7,3
1005,3121,897795,4556849,3.9,3.9,7,45
1005,2426,6000075,4556988,18,12,8,55
1005,3121,196100,4556849,4,2,8,6
2010,9170,607864,4556975,7,7,8,6
2010,9170,286048,4556975,4.7,4.7,9,3
2010,9170,105082,4556975,6,6,6,2
2010,9170,286275,4556975,6.1,6.1,5,1
2010,9170,286186,4556975,7.4,7.4,3,7
2010,9170,286276,4556975,4.5,4.5,4,7
1005,3392,515547,3063558,5.5,4,4,9
1005,1200,179060,3063785,4.5,4,3,9
1005,3169,893473,574038,7,6,5,3
2010,9463,296931,1014850,12.15,12.15,6,2
1005,4416,307315,3063796,6.5,6,7,1
1005,3108,317566,3063558,4,4,7,23
2010,9163,66430,2568961,12.87,12.87,8,44
1005,2332,159626,3063558,5.5,3,8,56
1005,3303,65505,3036798,35,3,1,75
1005,3171,387598,4556978,3.5,3,9,45
1030,8946,64746,1093895,6.2,3,1,66
1005,2887,707369,3063792,3.2,3,7,2
1005,2706,666237,4067944,2.8,3,2,34
1005,2706,769243,4067944,3,3,3,56
1005,2706,158634,4067925,9,8,3,32
1005,2706,351196,4067944,3.7,1,4,43
1030,3855,56534,3063558,6.5,4.22,5,34
1005,2683,149930,3063554,5,5,6,44
1005,1646,707281,4760954,2,1,1,56
1005,1200,703808,3063558,6.5,1,3,54
1005,1307,210686,3063558,5.5,1,4,43
1005,2706,353946,4067805,35,1,5,56
1005,3178,535677,4760950,7.9,5.29,5,10
1005,2074,504795,1002263,8,1,6,12
2010,9495,190221,4067929,4.63,4.63,6,3
1005,1645,66973,4556978,4,3,2,45
1005,3002,85794,3063787,4,3,2,55
1005,2553,312437,3036798,19,14.63,1,6
1005,3208,707363,3063792,3.2,3,2,6
2010,9146,6003435,4067802,6.3,6.3,2,3
1005,5608,810386,3063557,9.5,3,3,2
1005,1600,463991,583078,2.8,3,4,1
1005,2159,499124,3063557,5.5,3,4,7
2010,9118,500043,4067104,6.4,6.4,4,7
1005,2705,919391,3063998,5.5,3,4,9
1005,3369,137534,3069739,5.5,3,4,9
1005,5606,317566,3063558,4,3,4,3
1030,2718,571556,3063998,5,3.95,5,2
1005,2652,610474,4556978,4,3,5,1
1030,3307,765012,1001294,8.63,8.63,6,23
2010,9163,66419,2568961,19.99,19.99,7,44
1005,3174,318936,4556849,5.5,4.23,7,56
1005,2652,322052,4556849,5,3.7,7,75
1030,1610,246928,1093895,4.9,3,4,45
1005,3209,901517,3063558,5,4,3,66
1005,5665,85725,4760810,3.3,4,2,2
2010,9452,6000670,4556976,2.9,2.06,35,34
1005,2610,839573,3063791,4.9,4,6,56
1005,1813,56534,3063558,6.5,4,7,32
1005,3362,748851,3063735,4,4,7,43
1005,3155,705436,3063558,5.5,4,8,34
1005,2938,85794,3063787,4,4,8,56
1005,1183,747039,4556849,4.4,4,9,54
1005,1401,385086,3063759,4.5,4,6,43
1005,1648,152405,3036798,24,4,5,56
1030,1055,901714,1001300,10,4,3,10
1005,2231,210688,3063558,4,4,4,12
1005,2634,919391,3063998,5.5,44,4,3
2010,9136,133693,1093895,7.25,4,3,45
1005,1625,312433,3036798,13,4,5,55
2010,9163,66419,2568961,19.56,19.56,6,6
1005,3802,159054,3063998,2,4,7,6
2010,9107,320951,2568981,8,4,7,3
1005,1127,278258,4556988,36,4,8,2
1005,3108,380580,3063558,2,4,8,1
1005,3395,919391,3063998,5.5,2,1,7
1005,5674,385086,3063759,4.5,2,9,7
2010,9048,705301,4067929,16.9,16.9,1,9
1005,3214,343659,3069739,5.9,2,7,9
1005,1278,190944,559074,4.75,4.75,2,3
1005,3964,576101,3069722,4.9,2,3,2
1005,5646,159055,3063998,2,2,3,1
1005,1294,920868,3063998,3.5,2,4,23
2010,9106,577061,4067929,6.5,6.5,5,44
1005,1127,194088,3036798,24,3,6,56
2010,9146,6003435,4067802,2.35,2.35,1,75
1005,5736,166144,3063797,3.9,3,3,45
1005,3034,927659,4556849,3,3,4,66
1005,3340,40284,1093896,4.15,3,5,2
1005,3174,387009,4760954,4,3.12,5,34
1005,4369,141496,3063794,3.2,3,6,56
1005,5680,6010753,3063797,3,3,6,32
1005,3186,85969,4760810,2.7,3,2,43
2010,9064,661256,1093896,4.1,4.1,2,34
1005,7014,196442,3063797,6.9,3,1,44
1005,1387,702151,3063558,4.5,3,2,56
1005,2606,447762,3063558,5,3,2,54
1005,1143,319362,4556849,4.5,3,3,43
1005,2706,929867,4067805,21,16.5,4,56
1005,1932,169067,3063791,2.8,2.8,4,10
1005,1173,40285,4556988,6,3,4,12
1005,5606,380580,3063558,2,1,4,3
1005,5739,433887,4760950,4,1,4,45
1005,7010,179060,3063785,3.5,1,4,55
1005,3964,588302,3069717,3.5,3,5,6
1005,1228,883003,4556988,4.9,4.9,5,6
1005,2706,151496,3036798,11,8.25,6,3
1005,5018,740059,4556988,4,3.04,7,2
1005,2706,95171,5570526,44,1,7,1
1005,2538,250640,4556988,23,18.4,7,7
1005,4782,531041,3063558,2,1,4,7
1005,1104,338087,3063558,6.5,4.42,3,9
1005,2752,6024289,4556978,5.5,4.29,2,9
2010,9243,394638,2568981,8,6,35,3
1005,2706,126497,5570526,46,40,6,2
1005,2752,162931,3063795,6.4,3,7,1
2010,9193,251472,4556976,12,11,7,23
1005,5689,747039,4556849,4.4,33,8,44
1005,7012,705439,3063558,2.5,2.5,8,56
1005,5616,515705,3063997,6.5,3,8,75
1005,2706,844680,5570525,36,22,9,45
1005,2706,97444,5570528,20,11,6,66
1005,2706,929917,4067808,22.5,22,5,2
1005,2706,30936,4067805,16,2,3,34
1005,2706,14627,4067808,42,23,4,56
1005,1181,705439,3063558,2.5,2.5,4,32
1005,3283,5311,576684,5.5,3,3,43
1005,2680,707365,3063792,3.2,3,5,34
1005,3803,803698,4760949,8.8,5,6,44
1005,1646,227154,564479,3.5,1.96,7,56
1005,2550,193753,3063558,5.5,5,7,54
1005,4384,804104,4760810,5,5,8,43
1005,1200,315670,3063558,3,2,8,56
1005,2752,6001558,4556988,5,3.8,1,10
1005,2579,706502,4556988,5.85,3,9,12
1005,2676,409893,3063998,5,3,1,3
1005,1194,688869,3063557,3.9,3.9,7,45
1005,2614,179994,3063554,6.9,3,2,55
1005,2620,139722,4067806,10.08,7.26,3,6
1005,3174,33593,4760949,2.95,2.3,3,6
1005,2540,149930,3063554,5,5,4,3
1030,1211,795046,533732,8.25,4.21,5,2
1005,3273,6024289,4556978,5.5,3,6,1
1030,2028,270583,4760949,5.5,3,1,7
1005,2763,528836,3063557,5.5,3,3,7
1030,3307,765012,1001294,7.73,7.73,4,9
2010,9283,763306,1017865,4.5,4.5,5,9
1005,2941,185251,3063998,3.5,3,5,3
1005,1416,272125,4760949,4.25,3.31,6,2
1005,2692,33593,4760949,2.95,3,6,1
1005,3714,6003626,3063997,5,3,2,23
1005,2231,447762,3063558,5,3,2,44
1005,2054,571447,3063998,5,3,1,56
1005,1251,157404,3063557,6.5,3,2,75
1030,3763,289214,1009410,16,11.84,2,45
1005,1961,133687,3063998,2.5,2.5,3,66
1005,2694,159072,3063998,5,5,4,2
1005,1143,524322,3063558,2.5,2,4,34
1005,1199,379518,3063558,2,7,4,56
2010,9149,351639,4556976,4.5,4,4,32
1005,3310,72276,4556988,7,12,4,43
1005,3310,6000252,4760949,4,5.8,4,34
2010,9149,665828,4556978,8.4,5.5,5,44
2010,9472,346442,4556098,4.5,5,5,56
2010,9283,285813,4556978,6.69,12,6,54
2010,9149,103358,4556976,12,3.5,7,43
1005,3969,921669,4556988,5.8,6.8,7,56
1005,3310,103123,4760949,5.5,13.5,7,10
1005,3969,278715,4556849,5,4,4,12
1005,3969,360222,4556988,12,7,3,3
1005,3310,387598,4556978,3.5,12,2,45
2010,9472,674703,4556975,8.5,6,35,55
2010,9472,387321,4556098,5.5,3.5,6,6
2010,9472,6003487,4556978,5,12,7,6
2010,9502,285383,4556005,6.8,9,7,3
2010,9124,429846,4556975,4.6,6.5,8,2
1005,3299,808593,4556988,13.5,6.5,8,1
1005,2713,6007213,4556849,4,22,8,7
1005,3310,159781,4556978,7,6.5,9,7
1005,3299,53874,4556988,12,5,6,9
2010,9472,6005194,4556976,12,4,5,9
1005,2713,40283,4556988,6,4,3,3
1005,2508,387598,4556978,3.5,6.5,4,2
2010,9124,103357,4556976,12,9.79,4,1
2010,9124,263032,4556976,9,6.5,3,23
1005,2713,6000654,4556849,5.5,4,5,44
2010,9502,6002096,4556976,4.5,5.5,6,56
2010,9143,826950,4556978,5,5,7,75
2010,9502,908263,4556978,8,4.9,7,45
2010,9124,285501,4556976,6.5,10,8,66
2010,9502,6008258,4556976,6.5,5,8,2
2010,9143,286170,4556978,6.8,2.5,1,34
1005,3310,27078,4556988,22,3.5,9,56
2010,9124,6002681,4556976,6.5,3,1,32
1005,3310,278715,4556849,5,5.5,7,43
2010,9143,180070,4556978,8.4,3.7,2,34
2010,9473,784286,4556978,4.9,4,3,44
2010,9069,767347,4556976,4,5.9,3,56
2010,9162,285813,4556978,6.69,5.5,4,54
2010,9427,767347,4556976,4,7,5,43
2010,9473,285504,4556976,6.5,9.99,6,56
2010,9069,175845,4556976,9.79,2,1,10
2010,9113,285383,4556005,6.8,3.2,3,12
2010,9284,6002681,4556976,6.5,2,4,3
2010,9415,6008258,4556976,6.5,5.5,5,45
2010,9143,127827,4556978,6.8,4.9,5,55
1005,3310,196100,4556849,4,2.3,6,6
1005,5682,210686,3063558,5.5,9.5,6,6
2010,9518,6025929,4067805,5.36,5.5,2,3
1005,2234,431074,3063998,5,4.5,2,2
1005,1136,839552,3063221,4.9,7,1,1
1005,1097,321099,1001304,10,3.9,2,7
2010,9475,57009,2568969,9.62,3.2,2,7
1005,2726,79928,3063998,5,23,3,9
1005,3126,147947,3063998,2.5,6.6,4,9
1005,1413,774641,3036783,3.5,7,4,3
1005,2692,806333,3063557,3,6.5,4,2
2010,9128,666260,4067105,10.8,2,4,1
1005,1317,703827,3063558,5.5,8.5,4,23
1005,1785,131482,4760954,3.7,3.2,4,44
1005,5608,210688,3063558,4,7,5,56
1030,1130,229324,1001304,16.49,4.8,5,75
1030,1486,119259,1001304,7.82,8.5,6,45
2010,9433,192867,4067929,3,6.5,7,66
1005,2597,789892,3063557,5.9,12,7,2
2010,9064,706076,4067929,3.8,4,7,34
1005,1122,210686,3063558,5.5,8,4,56
1005,1327,169067,3063791,3.5,3,3,32
1005,1199,616009,3063998,7,1.6,2,43
2010,9117,563101,4067104,4.3,3.9,35,34
2010,9433,333955,3069993,9.99,5.7,6,44
1005,1180,380580,3063558,2,4.5,7,56
1005,1150,473744,581159,4.8,7.5,7,54
1030,1486,119259,1001304,14.5,13.5,8,43
1005,3185,707369,3063792,3.2,3,8,56
1005,3964,379518,3063558,2,3.1,8,10
1005,2593,733764,4556978,5.5,20,9,12
1005,1250,823691,3063794,4.9,5.9,6,3
1005,2894,800774,3069717,2.3,3,5,45
1005,1138,251472,4556988,9.5,19,3,55
1005,1472,743361,3063558,5.5,5.85,4,6
1005,3209,137009,3069739,4.5,4.5,4,6
2010,9433,190221,4067929,3.35,5.49,3,3
2010,9453,493080,2568981,7.99,4,5,2
1005,2259,764868,1001294,18.46,6,6,1
1005,3138,616009,3063998,7,4.5,7,7
1005,3105,827628,3063558,2,5,7,7
1005,2246,791291,4556978,5,8,8,9
2010,9180,279157,1014850,3.8,9,8,9
1005,2693,179004,3063793,3.9,3.5,1,3
2010,9221,665828,4556978,8.4,8.5,9,2
1005,1108,702156,3063558,2.7,8.8,1,1
2010,9117,563101,4067104,4.3,3.5,7,23
1005,2621,707361,3063792,3.2,5.7,2,44
1005,4231,277647,576681,7,6.45,3,56
2010,9475,57009,2568969,9.08,4.5,3,75
1030,1055,210686,3063558,5.5,7.5,4,45
1005,1632,253484,4556988,23,2,5,66
1030,1211,40291,4760954,6.6,2.5,6,2
1030,3157,901693,1001327,7,7,3,56
2010,9521,6002575,4556976,6.5,3.5,4,32
1005,2259,764868,1001294,19.23,9.49,5,43
2010,9175,795703,2568961,8.23,6.9,5,34
1005,2726,827628,3063558,2,5.5,6,44
1005,3320,103358,4556988,8.5,11,6,56
1005,3203,707373,3063792,3.2,5.5,2,54
1005,2602,215610,3063554,7,5.6,2,43
2010,9130,246758,4067926,8.8,7.8,1,56
1005,3280,122674,3063557,4.8,3.2,2,10
2010,9235,393161,4067570,8.5,2,2,12
1030,8382,311534,1002265,7,6.5,3,3
2010,9175,795409,2568961,6.77,2,4,45
1005,3126,56533,3063558,6.5,4,4,55
2010,9123,55050,4556976,12,13.4,4,6
1005,4390,167626,583078,2.5,4.9,4,6
1005,2865,255532,4760954,7.5,4,4,3
1005,5682,426911,3063557,4,3.8,4,2
2010,9171,275969,2568981,8,4.8,5,1
1005,3903,524322,3063558,3,6.5,5,7
1005,3275,790523,564479,1.6,3.9,6,7
2010,9173,390900,1094877,3.9,4.9,7,9
1030,1385,743361,3063558,5.7,3.5,7,9
1005,2641,385086,3063759,4.5,4.5,7,3
2010,9175,795703,2568961,8.38,4,3,1
1005,1632,57541,3063557,7.5,7.5,2,23
2010,9283,253231,4067824,13.5,6.5,35,44
1005,5657,149620,3063797,3,10.5,6,56
1005,3263,310968,3069722,4.9,7,7,75
1005,1625,921694,4556988,3.1,10,7,45
2010,9469,159044,4067824,20,6.6,8,66
1005,1348,839573,3063791,5.9,4,8,2
1005,2686,524322,3063558,3,3.9,8,34
1005,1645,313538,3036798,19,5.5,9,56
1030,1631,786816,1093895,5.85,8.5,6,32
1005,2782,118815,1093896,3.5,2.3,5,43
1005,1674,385086,3063759,4.5,5,3,34
2010,9058,486092,1014850,5.49,7,4,44
1005,1785,740059,4556988,4,2,4,56
1005,4313,256344,4556988,4.9,3,3,54
1005,1572,919477,3063998,6,5.5,5,43
1005,5685,152608,3063554,4.5,6,6,56
1005,2259,675622,1001286,17.19,2,7,10
2010,9176,919426,3069730,5,8,7,12
2010,9107,263341,1094877,2.5,4,8,3
2010,9546,929809,4067929,12.28,6,8,45
2010,9062,6003609,2568981,8,3,1,55
1030,1360,218361,1002236,9,5.5,9,6
1005,2561,920866,3063998,3.5,3,1,6
2010,9546,929809,4067929,12.74,4.5,7,3
2010,9502,418416,4067007,8.5,5.5,2,2
1005,2569,607875,4556988,4.9,8,3,1
1005,7217,503419,4556978,8.8,3.5,3,7
1005,5798,114235,574034,3.5,8,4,7
1030,1384,119808,3063794,3.5,2.5,5,9
1030,1385,515547,3063558,5.7,6.5,6,9
2010,9171,290382,2568969,6.45,6,1,3
1005,5659,385085,3063759,4.5,4,3,2
1005,3285,57541,3063557,7.5,4,4,1
1005,3096,379515,3063558,2,5.5,5,23
1005,3349,133687,3063998,2.5,2.5,5,44
2010,9061,260700,3063543,6.5,4,6,56
2010,9427,6008445,3063557,3.5,4,6,75
1005,2611,89466,3063554,7,2.85,2,45
1005,2938,387598,4556978,3.5,7,2,66
2010,9090,386342,4067007,9.49,5.5,1,2
1005,3205,310965,3069717,2.9,2,2,34
1005,1603,271213,3063557,6.9,8.5,2,56
2010,9473,6025944,4067805,4.96,7.5,3,32
1005,3319,164644,3063558,5.5,7.5,4,43
1030,8824,164642,3063558,5.5,2.7,4,34
1005,3567,55050,4556988,11,4,4,44
2010,9107,263341,1094877,2.5,5.5,4,56
2010,9584,385685,4067802,9.07,3.2,4,54
1005,1472,105134,3063786,5.5,5.5,4,43
1005,5088,6028342,4760950,5.6,5.5,5,56
1005,1252,154338,3063557,7.8,20,5,10
1005,1350,707371,3063792,3.2,7.5,6,12
1030,2480,186791,4760954,6.6,7.5,7,3
1005,1416,379518,3063558,2,10.5,7,45
2010,9475,259653,2568969,3.12,3,7,55
2010,9119,413888,1017865,4.9,6.5,4,6
1005,3361,56534,3063558,6.5,6.9,3,6
2010,9444,413888,1017865,4.9,8,2,3
2010,9233,383100,4067007,9,12,35,2
1005,1348,393638,546006,2,24,6,1
1005,1659,384962,4067806,15.88,5.5,7,7
1005,5608,317566,3063558,4,6,7,7
2010,9518,725251,4556978,4.9,8,8,9
2010,9062,162452,4067929,4.31,6.2,8,9
1005,3155,310965,3069717,2.9,6,8,3
2010,9546,929809,4067929,10.76,6,9,2
2010,9475,912698,2568969,13.4,8.36,6,1
1005,5603,134784,3063785,4.9,3,5,23
1005,3317,387598,4556978,3.5,4.6,3,44
2010,9140,126942,4556976,4,3.5,4,56
1005,2666,717238,3063557,3.8,4.8,4,75
1005,5088,6028398,4760950,4.5,5.5,3,45
2010,9501,88784,3063557,4.8,6.5,5,66
1005,1323,703808,3063558,6.5,29,6,2
2010,9243,390900,1094877,3.9,23,7,34
1005,2715,134032,1001328,8,6.5,7,56
2010,9551,564819,4067802,5.66,6.6,8,32
2010,9459,795704,2568962,14.32,4.6,8,43
1005,3061,120230,3063749,4.9,23,1,34
1005,2766,784073,3069717,3.5,3.2,9,44
1005,2592,152608,3063554,4.5,3.5,1,56
1005,3126,380580,3063558,2,6.5,2,43
2010,9475,57009,2568969,10.16,2,3,56
1005,3302,6022304,4760949,4,3,3,10
1005,2593,159781,4556978,7.5,1.8,4,12
1005,3275,637982,576685,1.25,3.9,5,3
1005,3053,56533,3063558,6.5,4.2,6,45
2010,9131,6005412,2568969,10.5,8,1,55
2010,9175,330840,2568961,11.12,5.5,3,6
1005,3119,781712,4556978,7,4.65,4,6
1030,1610,6003576,1009410,10,5.5,5,3
1005,1131,649090,3069720,3,3.9,5,2
1005,1625,186852,4556988,6.6,8.5,6,1
2010,9400,259423,2568960,21.9,6,6,7
1005,3119,179060,3063785,4,6,2,7
1005,3203,179004,3063793,3.9,3.9,2,9
2010,9459,795704,2568962,15.32,2,1,9
1005,5661,515547,3063558,5.5,5.5,2,3
2010,9175,795703,2568961,11.92,3.3,2,2
2010,9433,190221,4067929,3.24,3,3,1
2010,9157,418252,4067007,8.5,3.9,4,23
1005,1099,158940,3063998,2.3,6,4,44
2010,9163,384964,4556978,9.8,5.5,4,56
1030,8369,354824,1039360,11,20,4,75
2010,9233,353181,5570534,11.34,5.5,4,45
1030,8369,447762,3063558,4,6.6,4,66
1030,1901,884833,4067806,8.4,2.5,5,2
1005,2606,79931,3063998,5,5.5,5,34
1005,3202,215610,3063554,7,5.5,6,56
1005,1813,379518,3063558,2,6.5,7,32
1005,4322,788315,579019,3,3.9,7,43
2010,9174,280262,4067570,5.5,4.5,7,34
1030,1449,40291,4760954,6,2.7,4,44
1005,4435,490830,574038,6,5.5,3,56
1005,2785,379518,3063558,2,6.3,2,54
1005,1134,391609,1009410,8,6.9,35,43
1030,1845,397071,1002236,4,7,6,56
1030,1385,133687,3063998,2.75,4.5,7,10
2010,9473,929809,4067929,8.45,3.5,7,12
1005,1958,829707,3063557,6,5,1,3
1005,3352,806333,3063557,3,2,8,45
1005,3202,210687,3063558,5,6,8,55
2010,9204,841100,1017865,4.9,2.75,9,6
2010,9151,6006797,2568960,10.85,50,6,6
1005,5603,583615,3063998,5.5,5.5,5,3
2010,9473,929809,4067929,10.03,10.9,3,2
1005,1419,287948,3063785,3,23,4,1
1005,3191,717236,3063557,4.5,7.5,4,7
1005,3603,164644,3063558,5.5,43.99,3,7
2010,9233,454625,5570567,8,8.99,5,9
1005,1307,387599,4556978,3.5,23,6,9
2010,9061,742562,3063543,8,5,7,3
1005,3340,147947,3063998,2.5,7.5,7,2
2010,9113,76768,5570534,15.91,45,8,1
2010,9183,795738,2568960,8.61,5.5,8,23
2010,9437,919626,3069730,8.9,7.5,1,44
1030,2028,169160,3063558,6.5,8,9,56
1005,2785,919477,3063998,6,6,1,75
2010,9031,919383,3069730,4,12,7,45
1005,1785,847873,3063558,4,5.5,2,66
1030,1486,224918,3063998,5.5,6,3,2
1005,1922,387312,576685,2.5,4.25,3,34
1005,1273,317566,3063558,4,5.5,4,56
1005,7219,317566,3063558,4,30,5,32
1030,2338,71654,4760949,4.3,3,6,43
1005,2693,85968,4760810,2.7,7.5,1,34
1005,3155,233567,3063558,4,5.15,3,44
1005,5650,528292,4556974,2.85,6,4,56
1005,2555,215610,3063554,7,4.5,5,54
1030,2115,71654,4760949,3.9,8,5,43
1030,1360,218270,1002236,5.5,5.5,6,56
1005,1244,380580,3063558,2,7.5,6,10
1030,3403,6025983,1002263,12,4,2,12
1030,1360,218349,1002236,8.5,2,2,3
2010,9546,929809,4067929,11.29,4,1,45
1005,1122,210691,3063558,7.5,3.3,2,55
1005,2507,255532,4760954,7.5,6.9,2,6
1005,1150,326752,576680,4,4.5,3,6
1005,2853,840769,3063760,2.7,6.9,4,3
1005,2938,610474,4556978,4,7,4,2
1005,3261,515547,3063558,5.5,9.5,4,1
1005,2782,119584,1093896,3.5,2.95,4,7
1005,3074,662190,3063792,3.2,2.8,4,7
1005,3191,703827,3063558,5.5,9,4,9
1005,3213,159626,3063558,5.5,7.9,5,9
2010,9469,6022936,4067824,20,5,5,3
1005,1107,79173,3063557,7.5,3.5,6,2
1005,2630,57541,3063557,7.5,13.5,7,1
1030,8824,972434,1002265,10.5,15.5,7,23
1005,4319,638009,3063558,1,6.9,7,44
1005,1140,705439,3063558,3,3.3,4,56
1005,2692,233567,3063558,4,9,3,75
1005,5657,581281,4760950,3.6,4.5,2,45
1005,1140,164620,3063558,6.5,6,35,66
1005,1132,638009,3063558,2,7.2,6,2
2010,9444,121564,1017865,4.9,5.5,7,34
1005,1032,210690,3063558,4,8.9,7,56
2010,9175,885289,2568962,6.74,5.5,8,32
1005,3221,271213,3063557,6.9,6.5,8,43
2010,9133,275970,2568981,8,2,8,34
1005,2259,675622,1001286,18.34,2.7,9,44
1030,8963,391609,1009410,8,3,6,56
1005,2246,71647,4760949,3.9,4,5,54
1030,8946,906073,1017866,12,6,3,43
1005,2611,152405,3036798,24,6.5,4,56
1005,1122,515547,3063558,5.5,5.5,4,10
2010,9233,76769,5570534,12.67,4.4,3,12
1005,1603,829707,3063557,6,4.4,5,3
2010,9211,275969,2568981,8,5.5,6,45
1030,1474,664108,1002265,6.2,5,7,55
1030,8824,494621,1002236,6,5,7,6
1005,2259,675651,1001289,15.42,4,8,6
2010,9522,776639,4556978,18.5,6,8,3
1005,3567,740058,4556988,6,4,1,2
2010,9058,705692,1093895,8.36,4.4,9,1
1005,3354,524322,3063558,3,5.9,1,7
1005,1364,517746,4556978,4.6,28,7,7
1030,8369,317566,3063558,4,4,2,9
2010,9190,279973,1014850,4.89,4,3,9
1005,7217,179060,3063785,3.5,3.5,3,3
1005,1085,122674,3063557,4.8,4.5,4,2
1005,3079,381241,3063554,5.5,35,5,1
1030,8380,56533,3063558,6.5,7.5,6,23
1005,1436,323464,3036798,29,6,1,44
1005,4356,250640,4556988,23,3,3,56
1005,2692,703808,3063558,6.5,5.5,4,75
1005,2662,186854,4556988,6.6,11,5,45
1005,2938,333359,4556978,4.6,4,5,66
1005,5098,250640,4556988,23,6.99,6,2
1005,3395,707369,3063792,3.2,2,6,34
1005,1351,702151,3063558,4,7,2,56
1030,3411,649090,3069720,3.5,4.5,2,32
1005,2593,159780,4556978,7.5,2,1,43
1005,3250,56534,3063558,6.5,4.4,2,34
1005,1434,379515,3063558,2,3.5,2,44
1005,3327,524322,3063558,3,4.9,3,56
1030,8533,742824,3063787,1.8,5,4,54
2010,9175,795703,2568961,6.48,5,4,43
1030,8285,239175,1017865,3.6,7.9,4,56
1005,3058,876280,3063788,3.9,16,4,10
1030,3453,283418,4556978,4.2,24,4,12
2010,9128,666260,4067105,12.83,2,4,3
2010,9114,76768,5570534,13.15,2.9,5,45
2010,9062,275969,2568981,8,6,5,55
1005,1122,703827,3063558,5.5,8.5,6,6
1030,1901,137009,3069739,4.65,6.5,7,6
1005,1419,105134,3063786,5.5,3,7,3
1005,1273,875855,3063788,3.9,5.3,7,2
1005,1063,215609,3063554,8.5,5,4,1
1005,1632,772786,3063557,6,7.5,3,7
1005,3603,829707,3063557,6,6.4,2,7
1030,3307,71647,4760949,3.9,2.7,35,9
1005,1351,827628,3063558,2,26,6,9
1030,3999,85968,4760810,2.7,3.5,7,3
1005,5621,901520,3063558,5.5,5.5,7,2
1005,1163,54900,3063558,3.3,6,8,1
1005,1170,705439,3063558,3,9,8,23
2010,9040,6025914,4067805,9.98,28,8,44
1005,3203,141496,3063794,3.9,34,9,56
1005,1132,740058,4556988,6,7,6,75
1005,1132,210686,3063558,5.5,5.5,5,45
1005,3091,66369,3036798,20,19,3,66
1005,5317,693501,3069729,5.5,5,4,2
1030,1211,40283,4760954,6.6,4.5,4,34
1005,2843,133687,3063998,2.5,1.3,3,56
1005,5661,233376,3063558,5.5,5,5,32
1030,1055,210686,3063558,5.5,5,6,43
2010,9202,6017125,3063543,6.5,6,7,34
1005,3263,169067,3063791,3.9,6.4,7,44
1005,3805,182227,4556978,4.5,5,8,56
1005,1470,840769,3063760,2.7,22,8,54
1005,2751,164642,3063558,5.5,2,1,43
2010,9157,391927,4067570,6.3,3.5,9,56
1005,2715,134035,1001328,8,9,1,10
1005,3155,325816,3069722,6.9,4.5,7,12
1005,4338,6000804,1001289,22.08,36.5,2,3
2010,9472,273858,4067802,8.46,34,3,45
1005,1131,72276,4556988,7,35,3,55
1005,5518,253937,4760950,4.5,32.9,4,6
1005,3275,387599,4556978,3.5,35,5,6
1005,4231,906434,574033,3,15,6,3
2010,9131,795711,2568913,12.64,5.5,1,2
1005,1268,139033,3063998,5,6.5,3,1
1005,2524,379518,3063558,2,42,4,7
1005,1216,40297,4556988,6,5.9,5,7
1005,1317,135568,3063785,2.75,2,5,9
1005,5602,70474,3036798,50,10,6,9
2010,9472,935122,4067805,3.74,6.5,6,3
1005,3137,314012,3069722,5.5,6,2,2
2010,9094,67851,2568960,10.9,5.5,2,1
1005,4621,27078,4556988,23,8.5,1,23
2010,9121,795778,2568969,9.11,5,2,44
2010,9522,97215,4556976,38,3.9,2,56
1005,3357,55049,4556988,7.5,6.9,3,75
2010,9522,846984,4556976,43.99,5.5,4,45
2010,9400,579098,4556976,8.99,5.5,4,66
1005,4621,250640,4556988,23,5,4,2
1005,3850,733768,4556978,5,3.9,4,34
2010,9119,72892,4556976,7.5,4.9,4,56
2010,9124,61081,4556978,5,2,4,32
1005,4621,883002,4556988,4.9,4.9,5,43
2010,9092,840648,2568962,22.02,8.5,5,34
2010,9159,846989,4556976,45,4.39,6,44
1005,3850,324707,4556978,6.3,3.6,7,56
2010,9159,941384,4556978,7.99,5.5,7,54
2010,9119,652113,4556978,8,3,7,43
1005,3357,6024289,4556978,5.5,3.2,4,56
2010,9121,296038,2568960,28.62,7,3,34
2010,9400,72892,4556976,7.5,6,2,44
2010,9092,275969,2568981,8,20,35,56
2010,9121,795778,2568969,8.93,6,6,54
2010,9163,362599,4556976,40,2,7,43
2010,9124,688510,4556978,6.69,5.5,7,56
1005,3343,40291,4556988,6,8.5,8,10
2010,9119,510739,4556976,12,5.5,8,12
1005,1104,270583,4760949,5.5,6,8,3
2010,9121,296038,2568960,18.33,2,9,45
1005,2554,40297,4556988,6,8,6,55
1005,3850,248135,4556978,4.5,6,5,6
1005,1104,272125,4760949,4.25,3.3,3,6
1005,3126,103123,4760949,5.5,5.5,4,3
2010,9124,567733,4556978,6.9,4.5,4,2
1005,3850,324709,4556978,6.3,5.8,3,1
1005,3218,649433,4556849,4,7,5,7
1005,2732,250636,4556988,30,4.5,6,7
1030,1703,218355,1002236,8.5,7,7,9
1005,2231,702156,3063558,3,2.8,7,9
1005,5600,6003624,3063557,7.5,4.4,8,3
1005,2709,387598,4556978,3.5,35,8,2
1005,3060,22095,3069722,5.15,4,1,1
2010,9163,941032,2568960,46.92,4,9,23
1005,3241,40291,4556988,6,5.5,1,44
1005,2561,919478,3063998,6,7.5,7,56
1030,1474,134251,1002263,14.5,3.9,2,75
1005,1122,747009,3063797,4.5,5.5,3,45
1005,1412,524322,3063558,2.5,19,3,66
2010,9142,317832,2568981,8,6.5,4,2
2010,9508,782359,1014850,3.8,5,5,34
1005,2683,159626,3063558,5.5,5.5,6,56
1005,1228,698110,4556988,7.5,5.5,1,32
1030,8382,563937,1001307,12,2,3,43
1005,5661,285384,544090,3.4,35,4,34
1005,1350,317566,3063558,4,2.8,5,44
1005,1105,379515,3063558,2,10.69,5,56
1005,1242,317566,3063558,4,40,6,54
1005,1107,705439,3063558,2.5,8,6,43
1030,1055,390184,1001327,10.5,4.4,2,56
2010,9216,940411,2568960,39.23,2.79,2,10
2010,9131,285138,4067805,5.64,6,1,12
1005,1069,921080,3063998,3.3,3.6,2,3
1005,2672,271213,3063557,6.9,2.9,2,45
1005,3178,747009,3063797,4.5,5.5,3,55
1005,2608,789892,3063557,6.9,3.2,4,6
1005,3361,169067,3063791,2.8,6,4,6
1005,1196,215610,3063554,7,2,4,3
1005,4340,433238,1001328,9.5,2.7,4,2
1005,2692,97237,4760949,2.95,5,4,1
1005,1181,381241,3063554,5,4.9,4,7
1005,2652,259767,4556978,6,3.9,5,7
2010,9069,789606,1094877,1.5,5.5,5,9
2010,9131,795738,2568960,11.55,7.9,6,9
1005,5622,581172,4760950,2.8,4.5,7,3
1005,2617,2841,1001304,9,5,7,2
1030,1289,810386,3063557,7.9,8,7,1
1030,1703,218343,1002236,7,3,4,23
1005,1119,447762,3063558,5,6.5,3,44
1005,5736,149620,3063797,3.5,2.5,2,56
1005,2300,165040,4556978,13.5,5,35,75
1030,8846,114261,1001304,15.5,2.5,6,45
1005,2610,169761,3063557,6.9,3.5,7,66
1005,2340,921080,3063998,3.3,5.5,7,2
2010,9096,57010,2568969,10.31,6.5,8,34
1005,2553,588064,3069722,3,3.6,8,56
1030,1012,705461,1001307,9,6.49,8,32
1005,1364,105925,3063795,4.5,5,9,43
1005,1228,40285,4556988,6,3,6,34
1005,5003,258204,4760949,7.2,4.1,5,44
1030,8823,105134,3063786,5.5,3.6,3,56
1005,2683,372556,3063557,8.9,8,4,54
1005,2566,210686,3063558,5.5,18,4,43
2010,9069,114375,1094877,4.5,7,3,56
1005,1375,169160,3063558,6.5,6.9,5,10
1005,1757,175373,4556849,4,5.6,6,12
2010,9163,941032,2568960,43.49,8.5,7,3
1005,1032,638009,3063558,2,8.5,7,45
1005,2607,840769,3063760,2.7,6.5,8,55
1030,8827,714823,3063558,3,4.9,8,6
1005,3339,143304,3063554,4,5,1,6
1005,1034,169067,3063791,2.8,3,9,3
1005,1336,919477,3063998,6,8.5,1,2
1005,1259,56534,3063558,6.5,3.4,7,1
1005,3209,159626,3063558,5.5,5.5,2,7
1005,2652,283210,4760949,5.7,5.9,3,7
1005,2619,524322,3063558,2.5,4.2,3,9
1005,2575,79173,3063557,7.5,3.9,4,9
1005,2561,747039,4556849,4.4,7.5,5,3
2010,9504,77106,5570534,13.44,6.5,6,2
1005,3149,74280,4556849,4.4,14,1,1
1005,1311,705439,3063558,2.5,3.5,3,23
1005,2941,919391,3063998,5.5,11,4,44
1005,2550,409878,3063998,5,6.6,5,56
1005,4309,195004,558065,5,6.5,5,75
1005,1305,447762,3063558,5,5.5,6,45
1005,1154,883002,4556988,4.9,5,6,66
1005,1397,705439,3063558,2.5,9,2,2
1005,3391,317566,3063558,4,6,2,34
1005,3341,40285,4556988,6,5,1,56
1005,2332,317566,3063558,4,4,2,32
1005,1364,857031,3063557,4.4,6.5,2,43
2010,9113,248420,4067929,3.5,5,3,34
1005,5018,159781,4556978,7,6,4,44
1005,4782,688729,571827,6.5,6.5,4,56
2010,9489,161140,4067929,4.29,4,4,54
1005,2616,379515,3063558,2,4.9,4,34
1005,1251,211784,3063557,5.9,6,4,44
1005,1958,6003523,4067808,28,3.3,4,56
1005,3280,317566,3063558,4,4.5,5,54
1005,4348,883001,4556988,4.9,3,5,43
2010,9452,6000198,4556976,2.9,7,6,56
1005,1753,740059,4556988,4,5.5,7,10
1005,5739,105613,4760950,3.5,5,7,12
1005,7010,105925,3063795,4.5,3.5,7,3
1005,3303,63421,3036798,35,4,4,45
1005,2510,79173,3063557,7.5,5,3,55
1005,1073,173264,3063749,6,6.6,2,6
1005,5018,159780,4556978,7,2,3,6
2010,9096,67810,2568960,14.14,6.5,6,3
1005,3391,315670,3063558,3,4,7,2
1005,5674,139897,3063796,5.5,3,7,1
1005,2617,829116,1001286,11,4.3,8,7
1005,5635,210688,3063558,4,7,8,7
1005,1104,901520,3063558,5.5,2.3,8,9
2010,9160,696394,1094877,6.99,7,9,9
1005,1350,638009,3063558,2,5,6,3
1005,1181,149963,3063554,7,4,5,2
1005,3002,747009,3063797,4.5,3.5,3,1
1005,2137,380580,3063558,2,3,4,23
1005,3286,747081,4556849,4.4,2.5,4,44
1005,2076,143123,3063797,3.5,4.9,3,56
1005,1189,748851,3063735,4.9,9.9,5,75
1005,2054,30758,3063998,5,5,6,45
1005,2593,447762,3063558,5,4,7,66
1005,1412,705439,3063558,2.5,4.2,7,2
1005,1561,781399,3063557,7.9,5.5,8,34
1005,3803,215201,576686,16,6.9,8,56
1005,3779,272125,4760949,4.25,5.5,1,32
1005,1175,313127,3036798,24,3.2,9,43
1005,3802,159056,3063998,2,4.9,1,34
2010,9096,67849,2568960,16.49,2.3,7,44
1005,1306,1632,3063557,2.9,3,2,56
1005,7010,259766,4556978,6,3.5,3,54
1030,8380,55050,4760815,11,3.2,3,43
1005,1002,103356,4556988,8.5,5,4,56
1005,1326,338087,3063558,6.5,8,5,10
1005,4333,315670,3063558,3,7,6,12
1005,3062,345836,553058,4.5,4.1,1,3
1030,3763,275751,1001304,4.5,7.5,3,45
2010,9106,810826,1014850,5.3,4,4,55
1030,8380,778327,1002273,4,5.5,5,6
1005,1154,901517,3063558,5,3.3,5,6
1005,3714,210691,3063558,7.5,3.5,6,3
1030,8274,785722,1093816,6.4,15.2,6,2
1005,3178,85969,4760810,2.7,6.5,2,1
2010,9106,660964,4067929,9.5,6.5,2,7
1005,5018,72098,4556978,9.5,6,1,7
1005,5673,503948,586151,1.5,12,2,9
1005,3308,103449,4067805,26,4.9,2,9
1005,3308,204617,4067805,16.5,7.5,3,3
2010,9521,117417,4067802,6.97,2,4,2
1005,2668,387599,4556978,3.5,7.5,4,1
2010,9146,6003435,4067802,5.9,7.5,4,23
1005,3308,253202,4067808,42,4,4,44
1005,1063,298548,4760949,5.5,6.5,4,56
1030,1012,582608,1001286,6,3,4,75
2010,9495,190221,4067929,4.58,4,5,45
1005,3308,341592,4067925,9,5,5,66
1005,3308,6004080,4067808,28,7,6,2
1005,3308,956187,4067805,34,4,7,34
1030,1661,311534,1002265,7,6,7,56
1005,5739,253937,4760950,4.5,3,7,32
1005,2645,705436,3063558,5.5,6,4,43
1005,2829,883005,4556988,4.9,3.9,3,34
1005,1600,150006,3036798,19,4,2,44
2010,9096,67847,2568960,17.14,7,35,56
2010,9521,287428,4067802,5.27,3.9,6,54
1005,3214,409893,3063998,5,5.5,7,43
1005,2644,105925,3063795,4.5,7.5,7,56
2010,9118,172535,4067104,6.2,3,8,10
1005,3209,921142,3063998,3.3,5.5,8,12
1005,1350,901517,3063558,5,7.7,8,3
1005,3382,431074,3063998,5,7.9,9,45
2010,9131,6025943,4067805,4.69,4.5,6,55
1005,3174,319362,4556849,4.5,2,5,6
1005,1633,705439,3063558,2.5,6,3,6
1005,3341,40283,4556988,6,3.2,4,3
1005,5661,162931,3063795,6.4,6.79,4,2
2010,9190,192867,4067929,3,5.6,3,1
1030,1716,278007,1002263,5,11,5,7
1005,1958,203364,4067808,38,5,6,7
1005,1958,77500,4067805,22,7.5,7,9
1005,2634,259404,3063998,2,7,7,9
2010,9118,172489,4067104,4.7,7,8,3
1005,2566,920868,3063998,3.5,3,8,2
1030,8382,2841,1001304,9,4,1,1
1005,1958,777944,4067808,36,8.5,9,23
1005,1194,385086,3063759,4.5,4,1,44
1005,1958,67487,4067808,36.5,3.9,7,56
1005,1958,918022,4067805,41,9.5,2,75
1005,1958,956187,4067805,34,6.5,3,45
1005,1958,352931,4067805,35,5.85,3,66
1005,1958,32481,4067805,32.9,2,4,2
1005,5672,85725,4760810,3.3,6,5,34
1005,1056,194097,3036798,35,6.99,6,56
1005,3119,66279,3036798,15,7,1,32
1005,1119,515547,3063558,5.5,7,3,43
1030,8381,354016,1001304,14.39,4.6,4,34
1005,2075,169160,3063558,6.5,4.5,5,44
1005,1958,14663,4067808,42,4,5,56
1005,1402,785544,3069722,5.9,5.9,6,54
1005,2054,159054,3063998,2,6.5,6,34
1005,1129,147150,3063759,10,3,2,44
1005,1813,56533,3063558,6.5,5.9,2,56
2010,9163,66419,2568961,20.71,4,1,54
1005,2577,89466,3063554,5,10,2,43
1005,3053,173264,3063749,6,3.9,2,56
1005,3316,774552,3069733,5.5,5,3,10
1005,5018,733764,4556978,5.5,7.5,4,12
1005,3137,215609,3063554,8.5,6.9,4,3
2010,9176,267392,1094877,2,10,4,45
1005,2752,883003,4556988,4.9,4,4,55
1005,1226,225627,546006,5,2.5,4,6
1005,1364,116277,3063557,3.9,7,4,6
1005,2941,143311,3063554,6.9,4.6,5,3
1005,2941,381241,3063554,5,5.5,5,2
1005,7018,693501,3069729,5.5,9.9,6,1
1005,2553,323464,3036798,29,8,7,7
1005,2538,27078,4556988,23,5.9,7,7
1005,5673,703827,3063558,5.5,6.9,7,9
1005,3382,409879,3063998,5,9.9,4,9
1005,1200,179004,3063793,3.9,7.5,3,3
1005,1172,625377,3063557,4.9,6.5,2,2
1005,1607,638009,3063558,2,3.9,35,1
1005,1648,823690,3063794,4.9,5.49,6,23
2010,9163,941032,2568960,50.8,5.5,7,44
1005,3327,318290,3063557,8.5,3.5,7,56
2010,9283,6001443,1017865,4.39,4,8,75
1030,3157,407550,1093895,3.6,4.3,8,45
1005,2617,727461,1001304,19.11,7,8,66
1005,3218,169067,3063791,2.8,7.5,9,2
1005,3382,233376,3063558,5.5,4,6,34
2010,9064,282767,1093895,4.43,3.9,5,56
1005,2723,588302,3069717,3,7.5,3,32
1005,1259,315670,3063558,3,5.5,4,43
1005,2709,706502,4556988,5.85,3.6,4,34
2010,9131,795594,2568960,4.79,7.5,3,44
1005,3339,707363,3063792,3.2,3.3,5,56
2010,9106,244286,4067929,3.12,2.5,6,54
1005,2300,159781,4556978,7,4,7,43
2010,9163,66419,2568961,20.77,2,7,56
1005,2634,919478,3063998,6,3.9,8,10
1005,3779,103123,4760949,5.5,4,8,12
1005,3382,164642,3063558,5,2,1,3
1005,3119,66369,3036798,20,5,9,45
1005,2634,920756,3063998,6,8,1,55
1005,1259,379515,3063558,2,5.59,7,6
1005,5672,49609,4760950,4.1,12.5,2,6
1005,1645,684003,4556978,5.5,6.2,3,3
1005,3123,104629,4556988,8.5,13.5,3,2
1030,3307,765012,1001294,8.41,7.9,4,1
1005,2553,151496,3036798,11,12.5,5,7
1005,3174,387749,4760949,5.5,16.5,6,7
1005,1069,159626,3063558,5.5,7,1,9
1005,4339,6001558,4556988,5,12,3,9
2010,9176,706076,4067929,3.8,3.5,4,3
1005,1189,40283,4556988,6,3,5,2
2010,9163,66419,2568961,18.6,7.69,5,1
1005,2756,159054,3063998,2,6,6,23
1005,3241,40283,4556988,6,7.5,6,44
2010,9460,320951,2568981,8,7.5,2,56
1005,5604,740058,4556988,6,32,2,75
1005,2550,921080,3063998,3.3,7.5,1,45
1005,2612,705436,3063558,5.5,6.6,2,66
2010,9048,701474,4067929,14.9,9.5,2,2
1005,3155,816207,3063557,4.5,7.5,3,34
2010,9118,286577,1014850,5.8,6,4,56
1005,3274,386219,3063759,7,4,4,32
1005,4356,54899,3063558,4.5,7,4,43
1005,2709,852359,4556988,6,4,4,34
1005,2300,732269,4556978,7,3,4,44
1005,7203,800774,3069717,2.8,11.9,4,56
1005,1249,747039,4556849,4.4,4,5,54
1005,1625,194097,3036798,35,7.5,5,43
1005,5604,740059,4556988,4,9.95,6,56
1005,2515,210688,3063558,4,6.9,7,10
2010,9233,76719,5570534,18.24,5.5,7,12
1005,1350,159626,3063558,5.5,7.9,7,3
2010,9546,893735,4556978,11.2,4,4,45
1005,3184,964581,553058,7.5,6.5,3,55
1005,3369,211774,3063557,5.9,7,2,6
2010,9164,678561,1017865,6.99,5.5,35,6
1005,7207,71647,4760949,3.9,6.75,6,3
1005,1109,233376,3063558,5.5,7.5,7,2
1005,1416,319362,4556849,4.5,1.8,7,1
1005,2760,312437,3036798,19,3,8,7
1005,3366,338087,3063558,6.5,4.9,8,7
1005,3341,409879,3063998,5,2,8,9
1005,4602,193753,3063558,5.5,10.5,9,9
1005,1110,583615,3063998,5.5,6,6,3
1005,2065,159055,3063998,2,5,5,2
1005,5018,503419,4556978,8,3.2,3,1
1005,1648,194097,3036798,35,5.5,4,23
1005,1633,845671,3069720,2.8,6.5,4,44
1005,2590,312433,3036798,13,6.5,3,56
2010,9504,251369,5570567,10.69,5.15,5,75
1030,3763,275751,1001304,4.5,7.9,6,45
1005,2575,363764,3069729,4.7,5,7,66
1005,1070,248972,3036798,40,3,7,2
1005,2616,703827,3063558,5.5,10.5,8,34
2010,9460,275968,2568981,8,5.9,8,56
1005,3186,74280,4556849,4.4,3.4,1,32
2010,9069,552294,1094877,2.79,5.5,9,43
1005,2752,387598,4556978,3.5,4.4,1,34
1030,8964,159056,3063998,2.2,18.9,7,44
1005,3779,67700,4760949,7.3,5.9,2,56
1005,2616,193753,3063558,5.5,6.9,3,54
1005,1770,259766,4556978,6,6.9,3,34
1005,5739,283413,4760949,3.6,3.2,4,44
1030,3855,1632,3063557,2.9,4.5,5,56
1005,5660,159626,3063558,5.5,6.9,6,54
1005,1307,707370,3063792,3.2,3.5,1,43
1005,7010,259767,4556978,6,13.99,3,56
1005,1069,379515,3063558,2,4.9,4,10
1005,2553,839552,3063221,4.9,3.95,5,12
1005,3155,840769,3063760,2.7,11.5,5,3
1005,1136,6010753,3063797,3,7,6,45
1005,1189,544980,546006,3.5,2,6,55
1005,1139,409878,3063998,5,2.5,2,6
1005,1109,745467,3063735,4.9,3.3,2,6
1005,3053,122556,3063557,3.9,3.5,1,3
1005,3316,919391,3063998,5.5,4.9,2,2
1030,8823,825870,3063786,7.9,7.5,2,1
1005,2752,745467,3063735,4.5,2,3,7
1005,1132,125713,4760949,5,5,4,7
2010,9460,71165,2568981,8,4.5,4,9
1005,1674,588302,3069717,3,3,4,9
1005,5739,353871,4556975,3,3.3,4,3
2010,9213,706077,4067929,3.8,5.85,4,2
1005,4782,56533,3063558,6.5,5.85,4,1
2010,9096,67810,2568960,13.67,6.5,5,23
1005,1646,463991,583078,2.8,5.5,5,44
1005,1104,703827,3063558,5.5,4.5,6,56
1005,1173,528292,4556974,2.5,5.5,7,75
1005,3063,139033,3063998,5,4.3,7,45
1005,2712,54900,3063558,2.5,2,7,66
1005,4384,387599,4556978,3.5,5.5,4,2
1005,1350,901520,3063558,5.5,3.5,3,34
1005,2752,387599,4556978,3.5,8,2,56
2010,9452,828094,4556978,5,6.5,35,32
1005,3311,56533,3063558,6.5,6.9,6,43
1030,1577,391891,4760810,3.6,6,7,34
1005,3140,815873,574039,5,9.5,7,44
2010,9475,182062,4067926,6.49,2,8,56
1005,2770,409878,3063998,5,3.5,8,54
1005,1170,325816,3069722,4.9,4.9,8,43
1005,4393,702156,3063558,3,6,9,56
1005,3366,24364,3063791,4.1,8,6,10
1005,4370,391853,4760810,3.6,7,5,12
1005,4342,692999,1001286,10.4,9.9,3,3
2010,9442,275967,2568981,8,6.5,4,45
2010,9058,290089,4067928,4.9,35,4,55
1005,3325,169067,3063791,2.8,10,3,6
1005,2511,79367,4556988,18,3.5,5,6
1005,2644,177574,3063759,7,3,6,3
1005,3325,169067,3063791,2.8,4.4,7,2
1005,4342,692999,1001286,10.55,5,7,1
2010,9534,705301,4067929,16.9,4.5,8,7
1005,2065,525814,4556974,2.85,3.3,8,7
1005,1315,325816,3069722,6.9,2.9,1,9
1005,3802,531041,3063558,1.8,10.7,9,9
1005,5736,6028085,4760950,5.6,4.1,1,3
2010,9013,418416,4067007,8.5,18,7,2
2010,9130,57006,2568969,14.74,6.4,2,1
1005,1250,215609,3063554,8.5,5,3,23
1005,4855,804463,541094,6.5,5.5,3,44
2010,9129,57010,2568969,9.9,3.9,4,56
2010,9211,260700,3063543,6.5,4.5,5,75
1030,8380,748851,3063755,4.9,4.5,6,45
2010,9131,795711,2568913,10.31,2,1,66
1005,3267,409878,3063998,5,3.9,3,2
1005,3121,531041,3063558,1.8,1,4,34
1030,8823,807385,1093895,3,14.9,5,56
2010,9460,134445,4067802,3.55,40,5,32
2010,9133,796422,2568970,8.5,7.95,6,43
1005,2571,387598,4556978,3.5,4,6,34
1030,1631,104179,1002205,7.5,6.9,2,44
1005,4338,6000804,1001289,15.88,5.5,2,56
1005,2519,134986,3063785,3.4,4.5,1,54
1005,1242,703827,3063558,5.5,5.85,2,43
1005,1244,839573,3063791,5.9,2,2,56
1005,5518,77136,4760950,4.2,5.9,3,10
1030,2754,896940,1094877,9.35,2.5,4,12
1005,7014,876280,3063788,3.9,5.5,4,3
1005,2665,159781,4556978,7.5,8.9,4,45
2010,9161,61659,1093895,5.1,3.6,4,55
2010,9094,970194,4067928,6.5,5,4,6
1005,2065,72276,4556988,7,4,4,6
1005,3311,409894,3063998,3,5.9,5,3
1005,1131,808590,4556988,14,8.5,5,2
1005,1364,147199,3063780,3.5,35,6,1
1005,1132,151496,3036798,11,4.4,7,7
1005,2770,830354,3069729,6.6,6.9,7,7
2010,9547,285141,4067805,3.1,6,7,9
1005,5088,116277,3063557,6.5,4,4,9
2010,9180,53875,1066935,5,6,3,3
1005,2938,139897,3063796,5.5,9.9,2,2
1005,3139,571556,3063998,5,3.2,35,1
1030,1669,218360,1002236,9,5,6,23
1005,5657,232832,4760950,6,7,7,44
1005,1259,79931,3063998,5,4.9,7,56
1005,5681,317566,3063558,4,4,8,75
1005,2259,675622,1001286,22.25,6.5,8,45
1005,3809,56534,3063558,6.5,29,8,66
1005,1770,524336,3063558,5,4.2,9,2
1005,2246,275270,4760950,5,3.9,6,34
1005,2519,40291,4556988,6,3.9,5,56
1005,1196,164641,3063558,6.5,4.5,3,32
1005,5661,6000252,4760949,4,4.5,4,43
1005,1159,823691,3063794,4.9,4.7,4,34
1005,2308,740058,4556988,6,3,3,44
2010,9090,383560,4067007,9,5,5,56
1030,1486,119259,1001304,14.5,3.5,6,2
1030,2028,54900,3063558,3.3,5.5,7,1
1005,3203,135568,3063785,1.95,4,7,7
1005,2633,54900,3063558,3.3,4.2,8,7
1030,1901,884833,4067806,9.52,5,8,9
1005,2514,385086,3063759,4.5,6.9,1,9
1005,3096,806333,3063557,3,6.2,9,3
1030,1211,40285,4760954,6.6,4.2,1,2
2010,9427,660964,4067929,9.5,7.5,7,1
1005,1307,66921,4556978,8.5,7,2,23
2010,9175,795703,2568961,8.09,5,3,44
1005,1104,825870,3063786,7,3,3,56
1005,5682,515547,3063558,5.5,3,4,75
1005,1932,409879,3063998,5,8,5,45
1005,2854,588064,3069722,3.5,6.9,6,66
1005,4308,99600,553157,4,4.95,1,2
1005,1099,583617,3063998,5,3,3,34
1030,8785,370004,4067806,14.64,4.5,4,56
2010,9114,76768,5570534,14.04,5.9,5,32
1030,1211,40285,4760954,6.6,3.5,5,43
1005,7012,159055,3063998,2,3.3,6,34
1005,1150,169160,3063558,6.5,7.9,6,44
1030,8823,807384,1093895,4.35,6.5,2,56
1005,2797,179060,3063785,4,9.69,2,54
1005,5602,287948,3063785,3,2.8,1,43
2010,9038,567733,4556978,6.9,2,2,56
1005,3283,70720,4556978,4.3,5.5,2,10
1005,1073,638009,3063558,2,7.19,3,12
1005,2842,215610,3063554,7,6.9,4,3
1005,2723,800774,3069717,2.3,8.5,4,45
2010,9140,65835,2568962,7.79,3,4,55
1005,2592,149963,3063554,7,6,4,6
1005,5657,690672,4760950,5,4.5,4,6
1005,1770,210688,3063558,4,7.5,4,3
1005,2259,764868,1001294,20.48,7.5,5,2
1005,1104,825869,3063221,3.5,4.5,5,1
2010,9233,182838,5570534,8.89,6.5,6,7
1005,5088,287948,3063785,3,2,7,7
1005,1273,147947,3063998,2.5,24,7,9
1030,1449,883001,4760954,4.9,5.5,7,9
2010,9458,939387,1092918,9.9,7.9,4,3
1005,1377,447762,3063558,4,2.3,3,2
1005,2077,702156,3063558,2.7,4,2,1
1005,1932,409878,3063998,5,7.5,35,23
1005,2865,426911,3063557,4,5.5,6,44
2010,9038,760505,4556976,7.69,7,7,56
1005,5088,77136,4760950,4.2,4.85,7,75
1005,2824,164644,3063558,5.5,4.5,8,45
1005,1052,325816,3069722,6.9,12.9,8,66
1005,7010,743361,3063558,5.5,8,8,2
1005,2159,707371,3063792,3.2,11,9,34
1005,3274,702151,3063558,4,3.9,6,56
1005,1305,823691,3063794,4.9,4.6,5,32
1005,7217,387428,4760949,2.3,3,3,43
1030,2480,525814,4556974,2.85,7,4,34
1005,3802,287948,3063785,3,5,4,2
1005,1321,784073,3069717,3.5,3.9,3,1
1005,3119,707370,3063792,3.2,35,5,7
2010,9151,65838,2568962,33.44,5,6,7
2010,9427,795768,2568969,3.52,6.6,7,9
1005,3969,409878,3063998,5,4.8,7,9
2010,9062,275970,2568981,8,3.6,8,3
1005,3742,72276,4556988,7,2.5,8,2
1005,1353,823691,3063794,4.9,6.75,1,1
2010,9131,795762,2568960,13.64,6.5,9,23
1005,2612,698110,4556988,7.5,8,1,44
1005,3802,179060,3063785,4,5,7,56
1005,1196,703827,3063558,5.5,6.5,2,75
1005,2633,54900,3063558,3.3,6.9,3,45
1005,2782,387598,4556978,3.5,7.9,3,66
2010,9183,795409,2568961,11.26,19,4,2
1005,5608,280437,544232,15.2,6.6,5,34
1005,2695,56533,3063558,6.5,2.85,6,56
1005,3364,56534,3063558,6.5,6.9,1,32
1005,4560,305008,579011,5.09,2.95,3,43
1005,3133,740058,4556988,6,6.2,4,34
2010,9142,57006,2568969,15.11,11.5,5,44
2010,9175,929809,4067929,10.11,8,5,56
1005,1189,263444,4556988,12,13.5,6,54
1005,2052,120230,3063749,4.9,5.5,6,43
2010,9176,74591,3063542,7.5,6.5,2,56
1005,1416,379515,3063558,2,6.8,2,10
2010,9118,189042,4556978,8.4,6.5,1,12
1005,1348,386219,3063759,5,12,2,3
1005,3805,159780,4556978,7.5,5,2,45
1005,3355,210691,3063558,7.5,6,3,55
1005,3357,847873,3063558,4,7.9,4,6
1005,1659,642106,3063558,6.5,5.5,4,6
1005,2785,714823,3063558,3,5.5,4,3
2010,9064,577061,4067929,6.5,8.5,4,2
1005,3303,387600,4556978,4,6.9,4,1
1005,1140,524336,3063558,5,13,4,7
1030,1816,218343,1002236,7,4,5,7
1005,2650,179060,3063785,4,4.5,5,9
2010,9142,57006,2568969,14.79,6.5,6,9
1005,1416,920755,3063998,6,5.5,7,3
1005,3354,705439,3063558,3,5.5,7,2
2010,9183,795409,2568961,12.7,9.2,7,1
1005,4385,860919,579026,6,6.5,4,23
1005,3804,876327,3063788,3.9,4.5,3,44
1005,3355,426911,3063557,4,5,2,56
1005,5685,89466,3063554,7,5,35,75
1030,1449,250708,1002210,4.7,6.5,6,45
1005,3219,876280,3063788,3.9,5.5,7,66
1030,1901,527178,1091381,4.8,5.9,7,2
1005,1416,901520,3063558,5.5,6.5,8,34
1005,3306,57541,3063557,7.5,8.99,8,56
1005,3138,515646,3063998,3,3,8,32
1030,1474,239598,1001286,6.5,8.99,9,43
1030,1376,389593,4760949,5.5,4.5,6,34
1005,5003,638009,3063558,2,12.1,5,44
1005,1323,210686,3063558,5.5,7,3,2
2010,9521,77808,3063542,7.7,5.5,4,1
2010,9175,795688,2568962,11.8,5,4,7
1005,1173,535646,4760950,7.9,4.45,3,7
1030,1798,263854,1017865,4.5,5.5,5,9
1005,3283,883004,4556988,4.9,6.5,6,9
1005,3354,827628,3063558,2,5,7,3
1030,2480,91895,4760954,9.2,4.5,7,2
1005,1766,259767,4556978,6,10,8,1
1005,1311,707363,3063792,3.2,9,8,23
2010,9194,10785,1093895,6.79,2.6,1,44
1005,2555,233567,3063558,4,2.85,9,56
2010,9183,840652,2568962,12.55,8.15,1,75
2010,9501,259929,3063543,5.6,5,7,45
1005,1625,312438,3036798,11,2.9,2,66
1005,5798,409879,3063998,5,3.2,3,2
1005,3289,57541,3063557,7.5,8.5,3,34
1030,1474,160852,1001328,10,5.49,4,56
1005,5648,825870,3063786,7,6.5,5,32
2010,9475,261232,2568969,8.78,8.9,6,43
1005,1259,616009,3063998,7,5.8,1,34
1005,5650,769958,4556988,3,6,3,44
2010,9040,6026049,4067805,2.11,6.5,4,56
1030,1474,675482,1001289,12,5.49,5,54
2010,9547,6025789,4067805,1.53,5.49,5,43
1005,2894,317566,3063558,4,5.8,6,56
2010,9040,500102,4067104,7.4,8.9,6,10
1005,2630,215609,3063554,8.5,5.5,2,12
1005,3964,210688,3063558,4,4,2,3
1005,3202,876280,3063788,3.9,4.85,1,45
1005,3565,251472,4556988,9.5,5,2,55
1005,1557,448021,4067929,6.5,5,2,6
1005,4356,706502,4556988,5.85,2.85,3,6
1005,1154,379515,3063558,2,4.5,4,3
1005,3320,40291,4556988,6,5.65,4,2
2010,9433,333951,3069993,6.99,5.75,4,1
1005,1325,149963,3063554,7,4,4,7
1005,3302,682573,4760949,4.5,4,4,7
2010,9400,6006797,2568960,11.57,5,4,9
1005,1107,825870,3063786,7,3.35,5,9
2010,9433,248420,4067929,3.5,16.5,5,3
2010,9475,57009,2568969,11.16,6,6,2
1005,1364,387754,4556978,4.6,5.5,7,1
1005,7582,105925,3063795,4.5,10,7,23
2010,9157,391927,4067570,6.3,9,7,44
1005,7207,6007213,4556849,4,14,4,56
1005,2686,769063,3063557,5.9,5.5,3,75
1005,2770,318290,3063557,6.5,12.5,2,45
2010,9175,840661,2568856,10.14,2.95,35,66
1005,3494,61078,3063797,6.5,10.99,6,2
1030,2028,806333,3063557,3,8.75,7,34
1005,1180,142948,3063792,3.2,5.49,7,56
1005,1249,769063,3063557,5.9,3.55,8,32
1005,3327,317566,3063558,4,5.8,8,43
2010,9551,564819,4067802,6.94,6.5,8,34
2010,9235,208275,4067007,10,13.15,9,44
1005,7217,141496,3063794,3.9,0.8,6,2
1005,2656,920883,579013,6.95,2.5,5,1
1005,1932,139033,3063998,5,5.8,3,7
2010,9475,57009,2568969,9.79,4,4,7
1005,2658,79173,3063557,7.5,6.6,4,9
1005,7217,883005,4556988,4.9,4.2,3,9
1005,1321,271214,3063557,6.9,5.95,5,3
2010,9547,285141,4067805,3,6,6,2
2010,9400,6006797,2568960,10.61,4.6,7,1
2010,9458,207751,4067007,10,3,7,23
1005,1150,317566,3063558,4,7.95,8,44
2010,9064,660964,4067929,9.5,7,8,56
2010,9128,666260,4067105,8.91,8.5,1,75
2010,9473,6025929,4067805,6.86,6.5,9,45
1030,3028,125242,1002263,8.99,7.15,1,66
1005,2656,114235,574034,3.5,2.5,7,2
2010,9154,257503,2568960,15.9,24.99,2,34
1005,3126,133687,3063998,2.5,5,3,56
2010,9475,57009,2568969,10.22,11.5,3,32
1005,1649,210567,4067806,9.66,5,4,43
2010,9551,390259,4067802,7.28,4.5,5,34
2010,9444,104125,1017865,3.95,5.8,6,44
2010,9518,285141,4067805,3.46,6.75,1,56
1030,1816,218342,1002236,7,4,3,54
1005,1364,400934,4556978,4.6,6.5,4,43
2010,9233,6016309,4067007,9.34,5,5,56
1005,5603,307538,3063759,5.5,3.85,5,10
1005,1210,154446,3063557,9.9,3.9,6,12
2010,9107,272107,1094877,2.5,3,6,3
1005,1785,160888,3063557,8,4,2,45
1005,2052,730118,3063795,5.9,4.5,2,55
1005,1632,271213,3063557,6.9,8.4,1,6
1005,1409,638009,3063558,2,4.9,2,6
1005,2693,426888,3063557,9.9,5,2,3
1005,3139,57541,3063557,7.5,9,3,2
2010,9140,909566,2568961,41.73,3,4,1
1005,4336,8896,576686,19,5,4,7
1005,1472,210690,3063558,4,4.99,4,7
1030,8380,397009,1002265,6.5,9,4,9
1005,7216,875855,3063788,3.9,9.5,4,9
2010,9114,182838,5570534,10.75,6.5,4,3
1030,8823,298630,1093895,2.8,12,5,2
2010,9502,483192,1014850,5.49,9,5,1
1005,1140,164646,3063558,5.5,6,6,23
1005,1167,524322,3063558,3,4.49,7,44
1030,8826,649090,3069720,3.5,4,7,56
1005,4338,6000804,1001289,18.13,9.5,7,75
1005,7001,210688,3063558,4,3.5,4,45
2010,9131,795711,2568913,12.91,4,3,66
1005,5739,970175,4556974,3.85,50,2,2
1005,1431,70720,4556978,4.3,6.5,35,34
2010,9100,285332,4067805,3.91,5.85,6,56
1030,1329,186852,4760954,6.6,7.69,7,32
1005,2571,387600,4556978,4,6.5,7,43
1030,1798,218343,1002236,7,6.5,8,34
2010,9130,57006,2568969,16.21,38,8,44
1005,3399,57541,3063557,7.5,7.69,8,2
1005,3923,210688,3063558,4,9,9,1
2010,9131,795711,2568913,11.42,6,6,7
1005,3278,116277,3063557,3.9,3.5,5,7
1030,8382,218770,1018369,7.5,3.9,3,9
2010,9129,57010,2568969,11.8,6,4,9
1005,3121,717238,3063557,3.8,6,4,3
2010,9541,57081,2568969,11.68,12,3,2
1005,2507,703827,3063558,5.5,3.9,5,1
1005,5736,6028398,4760950,4.5,4.5,6,23
1030,2480,920756,3063998,6,6,7,44
1005,1358,443314,3063998,3,3,7,56
1030,8824,33593,4760949,2.95,2.3,8,75
2010,9183,303991,2568972,8.7,8.7,8,45
1005,4320,391891,4760810,3.6,3.6,1,66
2010,9100,285141,4067805,3.48,7.5,9,2
1005,1346,255532,4760954,7.5,3.3,1,34
1005,1126,54900,3063558,3.3,10.5,7,56
1005,1134,81621,1001299,10.5,4,2,32
1005,1167,193753,3063558,5,2,3,43
1030,1610,290118,3063558,4,3.9,3,34
1005,4855,804463,541094,6.5,4,4,44
1005,4393,908561,586151,2,2,5,56
1030,1457,583615,3063998,5.5,5,6,54
1005,1206,875855,3063788,3.9,8,1,43
1005,2065,528292,4556974,2.85,5.59,3,56
1005,3567,179060,3063785,4,12.5,4,10
1005,3809,638009,3063558,2,6.2,5,12
1005,3161,97237,4760949,2.6,13.5,5,3
2010,9547,337393,4067805,3.75,7.9,6,45
1005,2676,131078,553157,1,12.5,6,55
1005,5623,431074,3063998,5,16.5,2,6
2010,9405,941384,4556978,6.7,7,2,6
2010,9405,840228,4556978,6.69,12,1,3
1005,1632,386219,3063759,5,3.5,2,2
2010,9094,65522,4067928,8,3,2,1
1005,3813,159781,4556978,7.5,7.69,3,7
1005,3287,66921,4556978,8.5,6,4,7
2010,9113,117437,1094877,5.59,7.5,4,9
1005,2678,433190,4067929,12.5,7.5,4,9
2010,9437,6038595,4067929,6.2,32,4,3
1005,3179,610402,4556978,3,7.5,4,2
1030,1012,964214,4067929,13.5,6.6,4,1
1005,2848,535646,4760950,7.9,9.5,5,23
1005,3250,6022304,4760949,4,7.5,5,44
1005,7203,433190,4067929,12.5,6,6,56
1005,1112,33593,4760949,2.6,4,7,75
1005,2645,604175,4067929,16.5,7,7,45
1005,1358,925646,4760949,5.5,4,7,66
2010,9469,290252,5570534,16.21,3,4,2
2010,9469,290252,5570534,18.43,11.9,3,34
2010,9149,53899,1066935,5.5,4,2,56
1005,2574,171011,1001303,12.11,7.5,35,32
1005,1358,391853,4760810,3.6,9.95,6,43
2010,9077,68708,1066935,4.4,3.9,7,34
2010,9551,893768,4556978,5.2,5.5,7,44
2010,9014,61081,4556978,5,7.9,8,2
2010,9058,295787,2568960,28.71,4,8,1
1005,2752,781712,4556978,7,6.5,8,7
2010,9204,55050,4556976,12,7,9,7
1005,3179,610402,4556978,3.5,5.5,6,9
2010,9130,75656,1066935,5.2,6.75,5,9
2010,9171,281212,3063557,3,7.5,3,3
2010,9204,43175,2568913,15.9,1.8,4,2
2010,9038,760505,4556976,7.69,3,4,1
2010,9284,798798,2568961,8.99,4.9,3,23
2010,9547,130696,2568962,16.72,2,5,44
1005,3850,259766,4556978,6,10.5,6,56
1005,1088,159780,4556978,7.5,6,7,75
2010,9058,795751,2568960,11.45,5,7,45
2010,9058,137827,2568969,6.6,3.2,8,66
2010,9169,753222,2568960,15.69,5.5,8,2
1005,1088,159781,4556978,7.5,6.5,1,34
2010,9092,893735,4556978,11.2,6.5,9,56
2010,9284,753222,2568960,14.86,5.15,1,32
2010,9547,493080,2568981,7.99,7.9,7,43
1005,3603,104984,4556988,32,5,2,34
1005,2617,9232,4556978,7.5,3,3,44
2010,9204,57179,2568969,18.49,10.5,3,56
2010,9284,795683,2568961,12.3,5.9,4,54
1005,3343,55196,4556978,6.6,3.4,5,43
1005,2617,251472,4556988,9.5,5.5,6,56
2010,9213,795734,2568969,7.01,4.4,1,10
1005,1097,164942,4760954,7.5,18.9,3,12
1005,1766,40291,4556988,6,5.9,4,3
1005,1139,317566,3063558,4,6.9,5,45
1005,4338,6000804,1001289,17.63,6.9,5,55
1005,5739,294686,4760950,7,3.2,6,6
1005,2684,387601,4556978,4.6,4.5,6,6
1005,7220,638009,3063558,2,6.9,2,3
1005,5650,435099,4760950,4,3.5,2,2
1005,1002,385363,1017865,3.25,13.99,1,1
2010,9460,560090,4067802,7.3,4.9,2,7
1005,1625,638009,3063558,2,3.95,2,7
1005,2524,705439,3063558,3,11.5,3,9
1005,4231,908447,583087,3,7,4,9
1005,3122,83986,3063557,11.9,2,4,3
1005,4231,173166,582029,5.4,2.5,4,2
2010,9014,665828,4556978,8.4,3.3,4,1
1005,3923,290118,3063558,4,3.5,4,23
1005,1030,9232,4556978,7.5,4.9,4,44
1030,1816,53030,1002263,9.95,7.5,5,56
1005,7012,621085,3069739,6.9,2,5,75
1030,1798,218271,1002236,5.5,5,6,45
2010,9460,385927,4067802,4.16,4.5,7,66
2010,9158,351631,4556976,4.5,3,7,2
2010,9243,259423,2568960,21.9,3.3,7,34
1005,2571,33593,4760949,2.95,5.85,4,56
1005,5687,63420,3036798,20,5.85,3,32
1030,8946,262783,3063759,7.9,6.5,2,43
2010,9460,134445,4067802,2.67,5.5,35,34
1005,4320,6022304,4760949,4,4.5,6,44
2010,9204,255288,1066935,6,5.5,7,2
1005,3742,233567,3063558,4,4.3,7,1
1005,5018,169763,3063557,6.5,2,8,7
1005,1250,149963,3063554,7,5.5,8,7
1005,7006,89466,3063554,6,3.5,8,9
1005,3960,919597,581160,5.5,8,9,9
2010,9100,285333,4067805,3.83,6.5,6,3
1005,5631,164646,3063558,5.5,6.9,5,2
2010,9161,282773,1093895,6.75,6,3,1
1005,3779,409952,3063998,6.75,9.5,4,23
1005,2785,159781,4556978,7.5,2,4,44
1005,3053,742824,3063787,1.8,3.5,3,56
1005,5623,714823,3063558,3,4.9,5,75
1005,3114,40283,4556988,5.5,6,6,45
1005,1358,803698,4760949,8.8,8,7,66
1005,3133,387747,4760810,4,7,7,2
1005,1248,317882,1002279,7.3,9.9,8,34
1005,1338,72375,1093896,3.4,6.5,8,56
1005,1119,651491,3063557,4.9,35,1,32
1005,3218,897795,4556849,4.5,10,9,43
1005,1294,638009,3063558,2,3.5,1,34
1005,1124,114253,1001304,10.5,3,7,44
1005,3352,947980,576687,6,4.4,2,56
2010,9427,795778,2568969,7.96,5,3,54
1005,3267,431074,3063998,5,4.5,3,43
1005,5602,707367,3063792,3.2,3.3,4,56
1005,1372,308186,3063793,5.5,2.9,5,10
2010,9584,844390,2568913,18.51,10.7,6,12
1005,1416,61078,3063797,6.5,4.1,1,3
2010,9198,6002575,4556976,6.5,18,3,45
2010,9486,275970,2568981,8,6.4,4,55
2010,9442,291961,5570534,13.64,5,5,6
2010,9521,6021228,5570534,12.46,5.5,5,6
1030,1240,764944,1001294,31.19,3.9,6,3
1005,1416,22095,3069722,5.15,4.5,6,2
1005,3368,535646,4760950,7.9,4.5,2,1
2010,9212,829023,4067929,17.9,2,2,7
1005,5635,588302,3069717,3.5,3.9,1,7
2010,9170,418418,4067007,18,6,2,9
1005,1336,79928,3063998,5,14.9,2,9
1005,1148,524322,3063558,3,40,3,3
2010,9447,65813,2568962,29.01,7.95,4,2
1005,4603,81632,1001303,10.5,4,4,1
1030,1905,147947,3063998,2.5,6.9,4,23
1005,2593,143730,3063797,5.9,5.5,4,44
1005,5646,581281,4760950,3.4,4.5,4,56
1005,5602,308186,3063793,5.5,5.85,4,75
1030,2718,117381,3063557,4.4,2,5,45
1005,4361,236847,1001289,14.26,5.9,5,66
1005,3179,925692,4760949,5.5,2.5,6,2
1005,5671,296808,4760810,3,5.5,7,34
1005,4370,263311,1009410,12,8.9,7,56
2010,9458,921981,2568913,18.9,3.6,7,32
1005,1297,255755,3063557,5.9,5,4,43
1005,3310,143311,3063554,6.9,4,3,34
1005,1118,83985,3063557,6.9,5.9,2,44
1005,1105,216900,1018369,5.2,8.5,35,2
1005,2577,707369,3063792,3.2,35,6,1
1005,1120,73194,3063997,4.5,4.4,7,7
1005,2951,117383,3063557,6.9,6.9,7,7
1005,5622,277885,4556975,3.5,6,8,9
2010,9142,148886,1014850,13.99,4,8,9
1005,3146,839552,3063221,4.9,6,8,3
1005,1346,131381,4760954,3.95,9.9,9,2
1005,4361,236847,1001289,13.95,3.2,6,1
1005,4604,909455,1001303,11.5,5,5,23
1005,3179,387598,4556978,3,7,3,44
1005,5680,554620,553157,3,4.9,4,56
1005,1070,159780,4556978,7,4,4,75
1005,1242,638009,3063558,2,6.5,3,45
1030,8827,524322,3063558,2.5,29,5,66
1005,3204,773340,3063557,6.9,4.2,6,2
1005,5643,528292,4556974,2.5,3.9,7,34
1005,5665,85820,4760810,3.3,3.9,7,56
1005,2699,443314,3063998,3.5,4.5,8,32
1005,1135,823690,3063794,4.9,4.5,8,43
1005,2592,159074,3063998,7.5,4.7,1,34
1005,4348,883004,4556988,4.9,3,9,44
2010,9048,701465,4067929,16.9,5,1,56
2010,9216,57155,2568969,7.46,3.5,7,54
1005,3204,135568,3063785,1.95,5.5,2,43
2010,9175,247553,4067926,19,4,3,56
1005,3395,159056,3063998,2,4.2,3,10
1005,3565,125713,4760949,5,5,4,12
1005,2616,827628,3063558,2,6.9,5,3
1030,1289,73197,3063997,4.5,6.2,6,45
1005,2676,702156,3063558,3,4.2,1,55
1005,5674,921080,3063998,3.3,7.5,3,6
1005,2556,706502,4556988,5.85,7,4,6
1030,3763,275751,1001304,4.5,5,5,3
1005,3159,706501,4556988,5.85,3,5,2
1005,1343,61078,3063797,6.5,3,6,1
1005,2713,774552,3069733,5.5,8,6,7
1005,4356,210690,3063558,4.5,6.9,2,7
1030,3307,764967,1001294,22,4.95,2,9
1005,5673,705439,3063558,2.5,3,1,9
1005,3369,693501,3069729,5.5,4.5,2,3
1005,1922,852257,4760950,4.3,5.9,2,2
1030,1755,778327,1002273,4,3.5,3,1
1005,7014,159056,3063998,2,3.3,4,23
1005,1200,164646,3063558,5,7.9,4,44
1005,3319,693501,3069729,5.5,6.5,4,56
1005,3171,387599,4556978,3.5,9.69,4,75
1005,2538,222681,4556988,12,2.8,4,45
2010,9096,941032,2568960,49.42,2,4,66
1030,1055,899857,1001300,8,5.5,5,2
1005,4602,703808,3063558,6.5,7.19,5,34
2010,9489,161140,4067929,6.14,6.9,6,56
1030,3403,113020,1093895,6.9,8.5,7,32
2010,9096,941032,2568960,51.06,3,7,43
1005,4782,164645,3063558,5,6,7,34
1005,1416,883002,4556988,4.9,4.5,4,44
1005,1561,173264,3063749,6,7.5,3,2
1005,5676,810386,3063557,9.5,7.5,2,1
2010,9213,706076,4067929,3.8,4.5,35,7
1005,5673,164644,3063558,5,6.5,6,7
1005,2550,159054,3063998,2,2,7,9
1005,5739,103726,4760950,3.5,24,7,9
1005,4348,883003,4556988,4.9,5.5,8,3
1005,1932,839573,3063791,4.9,7.9,8,2
1005,1200,173264,3063749,6,2.3,8,1
1005,2300,503419,4556978,8,4,9,23
1005,1070,159781,4556978,7,7.5,6,44
1005,7207,653793,4760954,5.75,5.5,5,56
1005,2652,883005,4556988,4.9,7,3,75
1030,1577,387611,1001327,7,4.85,4,45
1005,1409,841564,3063791,4,4.5,4,66
1005,3110,515925,3063557,9.9,12.9,3,2
1005,1646,700236,546006,3.75,8,5,34
1005,2075,338087,3063558,6.5,11,6,56
1005,2710,194097,3036798,35,3.9,7,32
1005,3803,256344,4556988,4.9,3,8,34
1005,1294,920867,3063998,3.5,7,8,44
1005,1326,287948,3063785,3,5,1,56
1005,1104,79931,3063998,5,3.9,9,54
1030,1527,663446,4556849,4.4,35,1,43
1005,2620,139722,4067806,12.32,5,7,56
1005,1181,524336,3063558,5,6.6,2,10
2010,9106,290089,4067928,4.9,4.8,3,12
1030,3307,73194,3063997,4.5,3.6,3,3
1005,5674,921142,3063998,3.3,2.5,4,45
2010,9521,929809,4067929,6.6,6.75,5,55
1005,2620,139722,4067806,10.92,6.5,6,6
2010,9176,392198,4067007,12.4,8,1,6
1005,1129,757488,3063759,2.9,5,3,3
2010,9163,42177,2568913,10.7,6.5,4,2
2010,9284,706077,4067929,3.8,6.9,5,1
1005,3248,24364,3063791,4.1,7.9,5,7
2010,9235,254078,4067824,18,19,6,7
1005,2663,162931,3063795,6.4,6.6,6,9
1005,3176,387600,4556978,4,2.85,2,9
1005,3291,79931,3063998,5,6.9,2,3
1005,1387,515547,3063558,5.5,2.95,1,2
1005,5646,166144,3063797,3.9,6.2,2,1
2010,9099,251464,2568969,7.8,11.5,2,23
1005,2620,139722,4067806,11.9,8,3,44
1030,1130,247960,1009410,15,13.5,4,56
1005,4602,233567,3063558,4.5,5.5,4,75
1005,4356,233567,3063558,4.5,6.5,4,45
2010,9521,117417,4067802,7.57,6.8,4,66
1005,3202,159054,3063998,2,6.5,4,2
1005,4340,134035,1001328,7.5,12,4,34
1005,1306,878644,3063788,3.9,5,5,56
1005,2752,40291,4556988,6,6,5,32
1005,1150,925646,4760949,6,7.9,6,43
2010,9415,315593,4067926,14.9,5.5,7,34
1030,1012,28226,1002205,7.95,8.5,7,2
2010,9521,385128,4067802,7.12,6.9,4,1
1030,2028,97237,4760949,2.95,13,3,7
2010,9474,281777,4067926,4,4,2,7
1005,2941,317566,3063558,4,4.5,35,9
1005,1129,760007,3063797,6.9,6.5,6,9
1005,2551,705436,3063558,5.5,5.5,7,3
1005,5673,54899,3063558,4.5,5.5,7,2
2010,9213,577061,4067929,6.5,9.2,8,1
1005,2579,706501,4556988,5.85,6.5,8,23
1005,3280,827628,3063558,2,4.5,8,44
1005,3188,576101,3069722,5.9,5,9,56
1005,3392,233376,3063558,5.5,6.5,5,45
1005,7217,254080,3069729,8.9,5.5,3,66
1030,1610,407550,1093895,3.6,5.9,4,2
1005,1109,85969,4760810,2.8,6.5,4,34
1005,1070,85269,4556978,5,8.99,3,56
1005,5739,435099,4760950,4,3,5,32
1005,1099,785544,3069722,5.9,8.99,6,43
1005,1196,215609,3063554,8.5,4.5,7,34
1005,2713,866425,3036798,35,12.1,7,44
1030,1289,707374,3063792,3.2,7,8,56
1005,3149,747039,4556849,4.4,5.5,8,54
1005,1122,196442,3063797,6.9,5,1,43
1005,1163,173264,3063749,6,4.45,9,56
2010,9489,105742,4067929,4.08,5.5,1,10
1005,3174,6000252,4760949,4,6.5,7,12
1005,1294,920755,3063998,6,5,2,3
1005,3163,515925,3063557,9.9,4.5,3,45
1005,2614,707367,3063792,3.2,10,3,55
1005,4348,883005,4556988,4.9,9,4,6
1005,5672,85820,4760810,3.3,2.6,5,6
1005,1961,159072,3063998,5,2.85,6,3
1005,3293,386219,3063759,7,8.15,1,2
1005,5018,71909,4556978,9.5,5,3,1
1005,4082,120230,3063749,4.9,2.9,4,7
1005,3964,588064,3069722,3.5,3.2,5,7
1005,2676,317566,3063558,4,8.5,5,9
1005,1307,524322,3063558,2.5,5.49,6,9
1005,4312,502423,553157,6.5,6.5,6,3
1005,4345,150836,3036798,29,8.9,2,2
1005,1305,169067,3063791,4.2,5.8,2,1
2010,9547,243965,4067929,5.25,6,1,23
2010,9068,929809,4067929,3.78,6.5,2,44
1005,2304,767560,3069729,3.9,5.49,2,56
1005,1132,179004,3063793,3.9,5.49,3,75
1030,1755,85969,4760810,2.6,5.8,4,45
1005,3344,745467,3063735,4.5,8.9,4,66
2010,9442,293004,5570534,9.46,5.5,4,2
1005,1479,70435,3063997,4.5,4,4,34
1005,2259,825891,3063797,4.7,4.85,4,56
2010,9584,286715,4067805,6.13,5,4,32
1005,3352,6010753,3063797,3.5,5,5,43
2010,9174,6003489,4556978,8,2.85,5,34
1005,1339,524322,3063558,3,4.5,6,44
1005,3371,431074,3063998,5,5.65,7,54
1005,3291,721337,3063794,3.5,5.75,7,43
1005,1313,193753,3063558,5.5,4,7,56
1005,3136,85969,4760810,2.6,4,4,10
1005,4375,387747,4760810,4,5,3,12
2010,9547,660964,4067929,9.5,3.35,2,3
2010,9447,65836,2568962,16.16,16.5,35,45
1005,2609,945638,576687,6,6,6,55
1005,4356,166144,3063797,4.2,5.5,7,6
2010,9151,660964,4067929,9.5,10,7,6
1005,1380,409879,3063998,5,9,8,3
1005,2765,773340,3063557,6.9,14,8,2
1005,3273,924888,4760949,5.5,5.5,8,1
2010,9475,65877,2568962,8.34,12.5,9,7
2010,9414,6038605,4067929,6.2,2.95,6,7
1005,2623,143123,3063797,4.2,10.99,5,9
2010,9475,65877,2568962,11.09,8.75,3,9
1030,3028,6013435,1002236,7.5,5.49,4,3
1005,2174,297150,4760949,7,3.55,4,2
1005,1344,409879,3063998,5,5.8,3,1
1005,1278,883002,4556988,4.5,6.5,5,23
1005,7210,524322,3063558,3,13.15,6,44
1005,3142,714823,3063558,3,0.8,7,56
1030,1638,391609,1009410,8,2.5,7,75
1005,4361,6005963,1001294,15.25,5.8,8,45
1005,2745,760007,3063797,6.9,4,8,66
1005,1280,621283,1093896,4.95,6.6,1,2
2010,9547,243965,4067929,5.59,4.2,9,34
1005,2606,905755,585473,6.4,5.95,1,56
1005,4418,883116,4556988,4.5,6,7,32
1005,3337,515646,3063998,3,4.6,2,43
1005,2501,6010753,3063797,4.5,3,3,34
1030,1130,288161,1009410,10,7.95,3,44
1005,2534,169763,3063557,5.9,7,4,56
1005,1148,825869,3063221,3.5,8.5,5,54
1005,2610,784073,3069717,3.3,6.5,6,2
1005,1813,839573,3063791,7.9,7.15,1,1
1005,3352,61078,3063797,6.5,2.5,3,7
2010,9415,6016309,4067007,9.69,24.99,4,7
1005,4364,147981,3063554,3.5,5,5,9
1005,2332,845671,3069720,2.8,11.5,5,9
1005,1495,638009,3063558,2,5,6,3
1005,3761,66921,4556978,8.5,4.5,6,2
1005,3137,5180,576684,5.5,5.8,2,1
1005,4371,700269,1001307,6.86,6.75,2,23
2010,9057,65836,2568962,18.92,4,1,44
2010,9158,52622,1094877,7.19,6.5,2,56
1005,3310,179994,3063554,6.9,5,2,75
1005,7223,215609,3063554,8.5,3.85,3,45
2010,9521,929809,4067929,9.64,3.9,4,66
1005,3343,906440,583087,3,3,4,2
1005,7213,738337,3063749,6,4,4,34
1005,3337,73196,3063997,4.5,4.5,4,56
1030,8285,179994,3063554,7.25,8.4,4,32
1005,1416,86823,2568967,16.21,4.9,4,43
1005,1192,57541,3063557,7.5,5,5,34
1005,2231,55049,4556988,7.5,9,5,44
1005,4371,700269,1001307,7.04,3,6,56
1030,1240,675482,1001289,12,5,7,54
2010,9061,964219,1014850,4.4,4.99,7,43
1005,3337,73192,3063997,4.5,9,7,56
1005,1412,56534,3063558,6.5,9.5,4,10
1005,3267,380580,3063558,2,6.5,3,12
1005,4345,194088,3036798,24,12,2,3
1005,1108,5180,576684,5.5,9,35,45
1005,2689,760907,3069739,7.9,6,6,55
1005,3273,387428,4760949,2.3,4.49,7,6
1005,5671,433885,4760950,4,4,7,6
1005,2750,218345,1002236,7.5,9.5,8,3
1005,7002,165715,3063796,5.5,3.5,8,2
1030,2480,147947,3063998,2.5,4,8,1
1030,1756,666235,1009410,18.51,50,9,7
1005,3117,149963,3063554,7,6.5,6,7
1030,1483,113887,1093895,4.85,5.85,5,9
1005,3146,179060,3063785,4.5,7.69,3,9
2010,9584,844390,2568913,15.98,6.5,4,3
2010,9161,919627,3069730,12.9,6.5,4,2
1005,3204,61078,3063797,6.5,38,3,1
1005,4604,907871,1001303,8,7.69,5,23
1005,4345,151496,3036798,11,9,6,44
1005,1297,332050,3069729,3.9,6,7,56
1005,4857,333359,4556978,4.6,3.5,7,75
1005,2650,515646,3063998,3,3.9,8,45
1005,1105,310191,1018369,4.4,6,8,66
2010,9584,844390,2568913,17.11,6,1,2
1005,3137,781712,4556978,7,12,9,34
1030,1905,703808,3063558,6.5,3.9,1,56
1005,5674,79931,3063998,5,3.6,7,32
1005,3261,147319,3063749,3.9,7.5,2,43
1005,4345,866425,3036798,35,3.3,3,34
1005,1109,79928,3063998,5,10.5,3,44
1005,2644,186852,4556988,6.6,4,4,2
1005,2138,275269,4760950,4.8,2,5,1
1005,3138,133687,3063998,2.5,4,1,7
1005,2602,409952,3063998,6.75,2,3,9
1005,4857,104377,4556978,3,5,4,9
1030,8972,901505,1001327,5.9,8,5,3
1030,8824,306663,4556978,6.5,5.59,5,2
1005,5600,496882,4556988,8,12.5,6,1
2010,9584,286715,4067805,7.32,6.2,6,23
1005,1339,409879,3063998,5,13.5,2,44
1005,3851,182718,1009412,6.5,7.9,2,56
1030,2718,117383,3063557,6.9,5.5,1,75
1005,4611,1632,3063557,7.9,16.5,2,45
2010,9102,57081,2568969,10.63,7,2,66
1005,1216,312437,3036798,19,12,3,2
1005,4416,186852,4556988,6.6,3.5,4,34
1005,2571,385230,4760949,7,3,4,56
1030,8837,253887,1001307,15.23,7.69,4,32
1030,8846,247960,1009410,13.5,6,4,43
1005,2513,85969,4760810,2.6,7.5,4,34
1005,2713,525814,4556974,2.85,7.5,4,44
1005,1207,760007,3063797,6.9,32,5,56
1005,2174,887493,1014854,2.95,7.5,5,54
2010,9547,6038851,4067929,6.2,6.6,6,43
1005,4308,114251,1001307,11.5,9.5,7,56
1005,1310,387600,4556978,3,7.5,7,10
2010,9197,275969,2568981,8,6,7,12
1030,1486,700228,1001307,17.27,4,4,3
1005,4416,165040,4556978,13.5,7,3,45
2010,9442,227411,2568961,11.6,4,2,55
1005,3381,210687,3063558,5.5,3,35,6
1005,7211,566733,553157,6.5,11.9,6,6
1005,3716,56534,3063558,6.5,4,7,3
1005,1346,260722,4760954,6.8,7.5,7,2
2010,9248,399722,4067007,15,9.95,1,8
1005,4371,700269,1001307,6.81,6.9,8,7
1005,2623,61078,3063797,6.5,5.5,8,7
1005,3343,310037,542102,4,7.9,9,9
1005,4336,563937,1001307,12,4,6,9
1005,3337,583617,3063998,5,6.5,5,3
1005,5622,740058,4556988,6,7,3,2
1005,2582,760907,3069739,7.9,5.5,4,1
1005,1161,733764,4556978,5.5,6.75,4,23
1030,1665,270583,4760949,4.5,2.5,3,44
1005,2633,349592,3063557,5.5,1.8,5,56
2010,9428,320381,4556976,8.5,3,6,75
2010,9447,922048,2568913,29.9,4.9,7,45
1005,1297,149792,3063557,6.9,2,7,66
1030,1638,666213,1009410,15.59,10.5,8,2
2010,9123,854648,4556976,13,6,8,34
1005,7202,149620,3063797,4,5,1,56
1005,1105,604597,576681,7.5,3.2,9,32
1005,3250,717236,3063557,4.5,5.5,1,43
1030,1055,79406,1001355,6.5,6.5,7,34
1005,2601,233376,3063558,5.5,5.15,3,9
1005,7006,255066,3063759,5.5,7.9,3,3
2010,9197,259655,2568969,9.2,5,4,2
1005,3202,703808,3063558,6.5,3,5,1
2010,9248,418416,4067007,8.5,10.5,6,23
1005,5612,73197,3063997,4.5,5.9,1,44
1005,1294,583617,3063998,5,3.4,3,56
1005,1174,759911,3063797,4.9,5.5,4,75
2010,9057,65836,2568962,14.72,4.4,5,45
1005,1251,224918,3063998,5,18.9,5,66
1005,2727,226075,3069722,4.9,5.9,6,2
1005,1364,56534,3063558,6.5,6.9,6,34
1005,5674,743361,3063558,5.5,6.9,2,56
2010,9442,753205,2568960,28.25,3.2,2,32
2010,9156,6020168,5570534,18.88,4.5,1,43
1005,3204,823691,3063794,4.9,6.9,2,34
1005,7002,730118,3063795,5.9,3.5,2,44
1005,4611,134784,3063785,6.5,13.99,3,56
1005,7202,387600,4556978,3,4.9,4,54
2010,9158,942044,1094877,8.99,3.95,4,43
1030,1638,899871,1009410,13,11.5,4,56
1005,2609,906440,583087,3,7,4,10
1005,1105,969723,1001304,14.68,2,4,12
1030,3762,150803,1009410,14.5,2.5,4,3
1005,3218,369742,4067806,10.87,3.3,5,45
2010,9178,918715,1094877,8.99,3.5,5,55
1030,1631,218366,1002265,12.1,7.5,7,6
1005,4370,880215,1009410,14,2,7,3
1005,4857,781712,4556978,7,5,7,2
1005,5739,784291,4760949,5.5,4.5,4,1
1005,3075,79928,3063998,5,3,3,7
1030,8946,387611,1001327,7,3.3,2,7
1005,3148,646356,3069722,6.9,5.85,35,9
1005,3241,253483,4556988,6.5,5.85,6,9
1030,8826,159074,3063998,7.5,5.5,7,2
1030,1055,353746,1002263,8.5,4.5,8,1
2010,9011,660964,4067929,9.5,5.5,8,23
1005,1109,6029348,4760950,5.5,4.3,8,44
1005,4029,642106,3063558,6.5,2,9,56
1005,2554,134801,3063793,2.9,5.5,6,75
1005,2556,446438,4556978,4,3.5,5,45
1030,8785,769063,3063557,5.9,8,3,66
1005,3120,573712,3063998,5,6.5,4,2
1005,4365,89466,3063554,6,6.9,4,34
1005,1419,717236,3063557,4.5,6,3,56
1005,1184,105466,546006,3.15,9.5,5,32
2010,9292,54054,1066935,10,3.5,7,34
1005,4324,83728,1001327,9,4.9,7,44
1005,2749,97237,4760949,2.6,6,8,56
1005,3218,238011,4067806,4.62,8,8,54
1005,1097,528292,4556974,2.85,7,1,43
1030,3028,162931,3063795,8.15,9.9,9,56
2010,9011,577061,4067929,6.5,6.5,1,10
1005,3716,775369,3069728,5,35,7,12
1005,3301,551754,4067929,12.5,10,2,3
2010,9107,232652,1092918,3.9,3.5,3,45
1030,1638,757488,3063759,2.9,2.5,3,55
1005,5679,707363,3063792,3.2,4.4,4,6
1030,8837,215609,3063554,8.5,5,5,6
1005,5648,180507,4556978,4.8,4.5,6,3
2010,9177,284906,1014850,5.49,3.3,1,2
1005,3923,145667,4556978,6.5,2.9,3,1
1030,8382,79173,3063557,8.9,10.7,4,7
1030,1474,447762,3063558,4,4.1,5,7
1030,3438,515547,3063558,5.8,18,5,9
1005,3127,531041,3063558,1.8,6.4,6,9
1005,3241,740058,4556988,6,5,6,3
1005,3133,114261,1001304,15.5,5.5,2,2
1005,1208,756242,3069733,6.5,3.9,2,1
2010,9142,706077,4067929,3.8,4.5,1,23
2010,9106,483192,1014850,5.49,4.5,2,44
1005,5635,392174,564479,2,2,2,56
2010,9177,483049,1014850,5.49,3.9,3,75
2010,9292,286576,1014850,5.8,6,4,45
1005,3241,740058,4556988,6,14.9,4,66
1005,1120,135947,3063786,8.9,40,4,2
1005,3127,164642,3063558,5.5,7.95,4,34
1005,2567,852258,4760950,4,4,4,56
1005,1213,22095,3069722,4.5,6.9,4,32
2010,9237,274498,1017865,6.69,5.5,5,43
2010,9502,333141,1093895,4.85,4.5,5,34
1005,5645,125713,4760949,5,5.85,6,44
1005,1380,573712,3063998,5,2,7,56
1005,2592,525814,4556974,2.85,5.9,7,54
1005,2705,105919,3069722,5.9,2.5,7,34
1005,1099,70435,3063997,4.5,5.5,4,44
1030,3089,264174,4760950,5.65,8.9,3,56
1005,3494,179060,3063785,4,5,35,43
1005,3133,148345,1001289,8,4,6,56
1005,3218,384962,4067806,16.27,5.9,7,10
1005,2693,825869,3063221,4,8.5,7,12
1030,8837,924900,1014854,5.95,35,8,3
1005,3259,105466,546006,3.15,4.4,8,45
1005,5648,101022,4556849,5,6.9,8,55
1030,8385,253488,4556973,3.35,6,9,6
1005,2554,604175,4067929,16.5,4,6,6
2010,9486,429717,5570520,38.78,6,5,3
1005,1205,40283,4556988,6,9.9,3,2
1030,1130,212935,1002210,5.5,3.2,4,1
1005,3213,594774,3069728,5.5,5,4,7
1005,2308,6003576,1009410,10,7,3,7
1030,8826,409879,3063998,4.5,4.9,5,9
1005,3241,85269,4556978,5,4,6,9
1005,2639,908526,1001307,9,6.5,7,3
1005,4857,253485,4556988,14,29,7,2
1005,3075,233376,3063558,5.5,4.2,8,1
1005,1109,467298,4067929,12.5,3.9,8,23
1030,8824,298631,1093895,2.95,3.9,1,44
2010,9465,763070,4067824,10.99,4.5,9,56
1005,3136,66921,4556978,8.5,4.5,1,75
1005,2554,604175,4067929,16.5,4.7,7,45
1030,1329,421118,1002273,4,3,2,66
2010,9094,607942,4760954,7,5,3,2
1030,1550,6002672,1089779,8.75,3.5,3,34
2010,9177,483192,1014850,5.49,5.5,4,56
2010,9158,385201,4067928,6.2,4,5,32
1030,3452,156295,1089883,3.55,4.2,6,43
1030,3438,159626,3063558,5.8,5,1,34
1005,2538,312439,3036798,13,6.9,3,44
1030,8385,764967,1001294,19.58,6.2,4,56
1005,3241,278258,4556988,36,4.2,5,54
1030,1905,687869,4067929,6.5,7.5,5,43
1030,8826,919390,3063998,5.5,7,6,56
2010,9465,385685,4067802,4.9,5,6,10
1030,3438,278049,1002263,13.15,3,2,12
1005,2340,6010720,1094860,0.8,3,2,3
1005,4857,106321,4556973,3,8,1,45
1030,8964,325130,3063556,4.4,6.9,2,55
1030,8285,563937,1001307,12,4.95,2,6
1005,1003,147947,3063998,2.5,3,3,6
1030,1631,793193,1002265,5.8,4.5,4,3
1005,3133,668510,1001303,12.31,5.9,4,2
1005,3189,85794,3063787,4,3.5,4,1
1005,2593,186852,4556988,6.6,3.3,4,7
1030,3438,95933,4556978,4.2,7.9,4,7
1005,3361,263033,4760954,6.25,6.5,4,9
1030,8823,72632,1028551,5.95,9.69,5,9
1005,7214,433190,4067929,12.5,2.8,5,3
1005,5687,426911,3063557,3.25,2,6,2
1005,2593,291058,4760949,5,5.5,7,1
1030,1360,201685,3063554,6,7.19,7,23
1005,3221,387601,4556978,7,6.9,7,44
1005,2678,524322,3063558,3,8.5,4,56
2010,9190,117417,4067802,10.97,3,3,75
1005,3061,122044,579019,7.95,6,2,45
1005,5945,616009,3063998,7,4.5,35,66
1005,3285,218355,1002236,8.5,7.5,6,2
1005,1115,552350,1002263,8.5,7.5,7,34
2010,9190,287428,4067802,4.61,4.5,7,56
1005,5645,275386,4760949,6.5,6.5,8,32
1030,8785,135030,3063785,3.9,2,8,43
2010,9141,280281,4067927,14.3,24,8,34
1030,3452,706642,1014858,7.15,5.5,9,44
1005,1419,133687,3063998,2.5,7.9,6,56
2010,9136,464409,1066935,24.99,2.3,5,54
1005,1115,429265,1001303,10,4,3,43
2010,9249,273858,4067802,3.45,7.5,4,56
1005,2620,764967,1001294,15.83,5.5,4,10
1005,2866,85969,4760810,2.6,7,3,12
1005,4336,792933,1001307,10.23,4.85,5,3
1005,2567,166830,1001304,5.93,4.5,6,45
1030,3157,372442,564479,2,12.9,7,55
2010,9100,706077,4067929,3.8,8,7,6
2010,9123,760497,4556976,6.9,11,8,6
1005,3145,431074,3063998,5,3.9,8,3
1005,4603,908273,1001303,11.5,4.6,1,2
1005,1140,733768,4556978,5,3,9,1
2010,9400,67778,2568960,16.29,7,1,7
1005,1209,717236,3063557,4.5,5,7,7
1005,1416,86965,2568967,10.55,3.9,2,9
2010,9068,117417,4067802,6.2,35,3,9
1005,3368,793193,1002265,5.8,5,3,3
2010,9100,243965,4067929,5.82,6.6,4,2
2010,9578,10060,1093895,6.75,4.8,5,1
1005,1161,623303,1002285,11.5,3.6,6,23
2010,9123,760505,4556976,6.9,2.5,1,44
1005,1145,147981,3063554,4,6.75,3,56
2010,9057,65878,2568962,13.08,6.5,4,75
2010,9057,65836,2568962,16.54,8,5,45
1005,3371,56534,3063558,6.5,5,5,66
1005,3279,275269,4760950,4.8,6.5,6,2
1005,1139,573712,3063998,5,6.9,6,34
1005,4335,740059,4556988,3.85,7.9,2,56
1005,1997,876280,3063788,3.9,19,2,32
1005,3179,250630,4556988,13,6.6,1,43
1005,3159,66921,4556978,8.5,2.85,2,34
1005,1282,6020611,1093896,3.3,6.9,2,44
1005,4356,705439,3063558,3,2.95,3,56
1005,3266,113131,546006,4,6.2,4,54
1005,2567,166830,1001304,5.42,11.5,4,34
1030,8972,725992,1001303,10,8,4,44
1005,3761,387598,4556978,3,13.5,4,56
1030,8380,73194,3063997,4.5,5.5,4,54
1005,1115,717236,3063557,4.5,6.5,4,43
1005,3316,285313,4760810,8.4,6.8,5,56
1005,1413,748851,3063735,4.9,6.5,5,10
1005,3216,583617,3063998,5,12,6,12
1005,1105,964767,1018369,9,5,7,3
1030,1756,666235,1009410,20.7,6,7,45
1005,1052,524322,3063558,3,7.9,7,55
1005,4155,171011,1001303,14.1,5.5,4,6
2010,9541,6000613,2568970,10.7,5.5,3,6
1005,4371,184628,1001307,11.99,8.5,2,3
2010,9442,795747,2568961,22.46,6.9,35,2
1005,1273,226075,3069722,4.9,13,6,1
2010,9162,567733,4556978,6.9,4,7,7
1005,3310,125713,4760949,5,4.5,7,7
2010,9501,351639,4556976,4.99,6.5,8,9
2010,9584,6001946,4556976,9,5.5,8,9
1005,3299,251472,4556988,9.5,5.5,8,3
2010,9069,285823,4556978,6.69,9.2,9,2
2010,9212,6002681,4556976,6.5,6.5,6,1
2010,9584,652113,4556978,8,4.5,5,23
1005,2508,263444,4556988,12,5,3,44
2010,9098,253483,4556976,9,5,4,56
1005,2508,40297,4556988,6,6.5,4,75
2010,9183,846972,4556976,4.49,5.5,3,45
2010,9183,6002095,4556976,6.9,5.9,5,66
2010,9191,779951,4556978,7.3,6.5,6,2
1005,3299,610474,4556978,4,8.99,7,34
2010,9212,688510,4556978,6.99,3,7,56
2010,9191,384964,4556978,9.8,8.99,8,32
1005,2508,883003,4556988,4.9,4.5,8,43
1005,3175,251472,4556988,9.5,12.1,1,34
1005,2508,221763,4760949,3.5,7,9,44
1005,2508,6000252,4760949,4,5.5,1,56
2010,9502,278258,4556976,50,5,7,54
1005,2713,668560,4760949,6.5,4.45,2,43
1005,3310,187387,4556849,3.5,5.5,3,56
1005,3175,706502,4556988,5.85,6.5,3,10
2010,9100,6002096,4556976,4.5,5,4,12
2010,9124,760505,4556976,7.69,4.5,5,3
2010,9124,6002575,4556976,6.5,10,6,45
1005,2713,306665,4556978,6.5,9,1,55
2010,9159,686306,4556976,38,2.6,3,6
2010,9162,760505,4556976,7.69,2.85,4,6
2010,9473,6002619,4556976,4.5,8.15,5,3
2010,9425,6005194,4556976,12,5,5,2
2010,9427,760487,4556976,4,2.9,6,1
2010,9473,6001946,4556976,9,3.2,6,7
1005,3310,270580,4760949,4.5,8.5,2,7
2010,9425,278258,4556976,50,5.49,2,9
1005,3310,259767,4556978,6,6.5,1,9
2010,9415,189042,4556978,8.4,8.9,2,3
1005,7012,119808,3063794,3.5,5.8,2,2
1030,1486,876327,3063788,3.9,6.5,4,23
1005,2552,173264,3063749,6,5.49,4,44
1005,3178,95474,4760954,6,5.49,4,56
1005,1318,251472,4556988,9.5,5.8,4,75
1005,1446,465186,1018369,11.95,8.9,4,45
1030,1703,577864,1001289,12,5.5,4,66
1005,1250,278715,4556849,4.5,4,5,2
1030,1905,147319,3063749,3.9,4.85,5,34
1005,3204,79931,3063998,5,5,6,56
